nodeType, nodeId, elementId, missingProperties
"Copybook", "DCONCEPT", "4:ee2ca281-e2ed-4fe4-ae41-d13a3e1b21e5:313", ["type", "description", "ingestion", "layer", "nodeType", "viewTag", "reviewedAt"]
"Copybook", "DCUENTA", "4:ee2ca281-e2ed-4fe4-ae41-d13a3e1b21e5:314", ["type", "description", "ingestion", "layer", "nodeType", "viewTag", "reviewedAt"]
"Copybook", "DE", "4:ee2ca281-e2ed-4fe4-ae41-d13a3e1b21e5:229", ["type", "description", "ingestion", "layer", "nodeType", "viewTag", "reviewedAt"]
"Copybook", "SIC001", "4:ee2ca281-e2ed-4fe4-ae41-d13a3e1b21e5:256", ["type", "description", "ingestion", "layer", "nodeType", "viewTag", "reviewedAt"]
"Copybook", "SICPAP03", "4:ee2ca281-e2ed-4fe4-ae41-d13a3e1b21e5:315", ["type", "description", "ingestion", "layer", "nodeType", "viewTag", "reviewedAt"]
"Copybook", "SICPAP70", "4:ee2ca281-e2ed-4fe4-ae41-d13a3e1b21e5:188", ["type", "description", "ingestion", "layer", "nodeType", "viewTag", "reviewedAt"]
"Copybook", "SICPAP73", "4:ee2ca281-e2ed-4fe4-ae41-d13a3e1b21e5:357", ["type", "description", "ingestion", "layer", "nodeType", "viewTag", "reviewedAt"]
"Copybook", "SICPATA2", "4:ee2ca281-e2ed-4fe4-ae41-d13a3e1b21e5:316", ["type", "description", "ingestion", "layer", "nodeType", "viewTag", "reviewedAt"]
"Copybook", "SICPATA3", "4:ee2ca281-e2ed-4fe4-ae41-d13a3e1b21e5:358", ["type", "description", "ingestion", "layer", "nodeType", "viewTag", "reviewedAt"]
"Copybook", "DCTLPROC", "4:ee2ca281-e2ed-4fe4-ae41-d13a3e1b21e5:124", ["reviewedAt"]
"Copybook", "DEMICOB", "4:ee2ca281-e2ed-4fe4-ae41-d13a3e1b21e5:125", ["reviewedAt"]
"Copybook", "DOPERCOB", "4:ee2ca281-e2ed-4fe4-ae41-d13a3e1b21e5:126", ["reviewedAt"]
"Copybook", "DTIPCAMB", "4:ee2ca281-e2ed-4fe4-ae41-d13a3e1b21e5:127", ["reviewedAt"]
"Copybook", "SI2CE028", "4:ee2ca281-e2ed-4fe4-ae41-d13a3e1b21e5:128", ["reviewedAt"]
"Copybook", "SI2CM026", "4:ee2ca281-e2ed-4fe4-ae41-d13a3e1b21e5:129", ["reviewedAt"]
"Copybook", "SI2FH027", "4:ee2ca281-e2ed-4fe4-ae41-d13a3e1b21e5:130", ["reviewedAt"]
"Copybook", "SI2R1025", "4:ee2ca281-e2ed-4fe4-ae41-d13a3e1b21e5:131", ["reviewedAt"]
"Copybook", "SIC231", "4:ee2ca281-e2ed-4fe4-ae41-d13a3e1b21e5:132", ["reviewedAt"]
"Copybook", "SICMF334", "4:ee2ca281-e2ed-4fe4-ae41-d13a3e1b21e5:133", ["reviewedAt"]
"ExternalRoutine", "CXB036O", "4:ee2ca281-e2ed-4fe4-ae41-d13a3e1b21e5:278", ["vendor", "purpose", "ingestion", "layer", "nodeType", "viewTag", "reviewedAt"]
"ExternalRoutine", "VRB035O", "4:ee2ca281-e2ed-4fe4-ae41-d13a3e1b21e5:257", ["vendor", "purpose", "ingestion", "layer", "nodeType", "viewTag", "reviewedAt"]
"ExternalRoutine", "VTB415O", "4:ee2ca281-e2ed-4fe4-ae41-d13a3e1b21e5:136", ["reviewedAt"]
"ExternalRoutine", "VXB001O", "4:ee2ca281-e2ed-4fe4-ae41-d13a3e1b21e5:137", ["reviewedAt"]
"OutputFile", "ARCH-T1-TEMPORAL", "4:ee2ca281-e2ed-4fe4-ae41-d13a3e1b21e5:276", ["ddname", "recordLength", "description", "ingestion", "layer", "nodeType", "viewTag", "reviewedAt"]
"OutputFile", "REPO-R1-CIB026R1", "4:ee2ca281-e2ed-4fe4-ae41-d13a3e1b21e5:189", ["ddname", "recordLength", "description", "ingestion", "layer", "nodeType", "viewTag", "reviewedAt"]
"OutputFile", "REPO-R1-EMISORA", "4:ee2ca281-e2ed-4fe4-ae41-d13a3e1b21e5:277", ["ddname", "recordLength", "description", "ingestion", "layer", "nodeType", "viewTag", "reviewedAt"]
"OutputFile", "REPO-R1-OPERACIO", "4:ee2ca281-e2ed-4fe4-ae41-d13a3e1b21e5:230", ["ddname", "recordLength", "description", "ingestion", "layer", "nodeType", "viewTag", "reviewedAt"]
"OutputFile", "CIB010R1", "4:ee2ca281-e2ed-4fe4-ae41-d13a3e1b21e5:59", ["reviewedAt"]
"OutputFile", "CIB012R1", "4:ee2ca281-e2ed-4fe4-ae41-d13a3e1b21e5:88", ["reviewedAt"]
"OutputFile", "CIB013R1", "4:ee2ca281-e2ed-4fe4-ae41-d13a3e1b21e5:104", ["reviewedAt"]
"OutputFile", "REPO-R1", "4:ee2ca281-e2ed-4fe4-ae41-d13a3e1b21e5:134", ["reviewedAt"]
"OutputFile", "REPO-R2", "4:ee2ca281-e2ed-4fe4-ae41-d13a3e1b21e5:135", ["reviewedAt"]
"Paragraph", "000-0100-INICIALIZA", "4:ee2ca281-e2ed-4fe4-ae41-d13a3e1b21e5:365", ["key", "kind", "summary", "executionOrder", "executionPhase", "executionOrderSource", "program", "ingestion", "layer", "nodeType", "viewTag", "reviewedAt"]
"Paragraph", "000-0100-INICIO", "4:ee2ca281-e2ed-4fe4-ae41-d13a3e1b21e5:260", ["key", "kind", "summary", "executionOrder", "executionPhase", "executionOrderSource", "program", "ingestion", "layer", "nodeType", "viewTag", "reviewedAt"]
"Paragraph", "000-FIN", "4:ee2ca281-e2ed-4fe4-ae41-d13a3e1b21e5:383", ["key", "kind", "summary", "executionOrder", "executionPhase", "executionOrderSource", "program", "ingestion", "layer", "nodeType", "viewTag", "reviewedAt"]
"Paragraph", "000-INICIO", "4:ee2ca281-e2ed-4fe4-ae41-d13a3e1b21e5:233", ["key", "kind", "summary", "executionOrder", "executionPhase", "executionOrderSource", "program", "ingestion", "layer", "nodeType", "viewTag", "reviewedAt"]
"Paragraph", "005-0100-INICIO", "4:ee2ca281-e2ed-4fe4-ae41-d13a3e1b21e5:385", ["key", "kind", "summary", "executionOrder", "executionPhase", "executionOrderSource", "program", "ingestion", "layer", "nodeType", "viewTag", "reviewedAt"]
"Paragraph", "005-9900-FIN", "4:ee2ca281-e2ed-4fe4-ae41-d13a3e1b21e5:389", ["key", "kind", "summary", "executionOrder", "executionPhase", "executionOrderSource", "program", "ingestion", "layer", "nodeType", "viewTag", "reviewedAt"]
"Paragraph", "005-FECHA-HOY", "4:ee2ca281-e2ed-4fe4-ae41-d13a3e1b21e5:205", ["key", "kind", "summary", "executionOrder", "executionPhase", "executionOrderSource", "program", "ingestion", "layer", "nodeType", "viewTag", "reviewedAt"]
"Paragraph", "005-PROCESO-PRINCIPAL", "4:ee2ca281-e2ed-4fe4-ae41-d13a3e1b21e5:349", ["key", "kind", "summary", "executionOrder", "executionPhase", "executionOrderSource", "program", "ingestion", "layer", "nodeType", "viewTag", "reviewedAt"]
"Paragraph", "005-PROCESO-PRINCIPAL", "4:ee2ca281-e2ed-4fe4-ae41-d13a3e1b21e5:482", ["key", "kind", "summary", "executionOrder", "executionPhase", "executionOrderSource", "program", "ingestion", "layer", "nodeType", "viewTag", "reviewedAt"]
"Paragraph", "005-PROCESO-PRINCIPAL", "4:ee2ca281-e2ed-4fe4-ae41-d13a3e1b21e5:510", ["key", "kind", "summary", "executionOrder", "executionPhase", "executionOrderSource", "program", "ingestion", "layer", "nodeType", "viewTag", "reviewedAt"]
"Paragraph", "005-PROCESO-PRINCIPAL", "4:ee2ca281-e2ed-4fe4-ae41-d13a3e1b21e5:537", ["key", "kind", "summary", "executionOrder", "executionPhase", "executionOrderSource", "program", "ingestion", "layer", "nodeType", "viewTag", "reviewedAt"]
"Paragraph", "005-TABLA-DE-VALUACION", "4:ee2ca281-e2ed-4fe4-ae41-d13a3e1b21e5:369", ["key", "kind", "summary", "executionOrder", "executionPhase", "executionOrderSource", "program", "ingestion", "layer", "nodeType", "viewTag", "reviewedAt"]
"Paragraph", "006-PROCSA-REPRTE", "4:ee2ca281-e2ed-4fe4-ae41-d13a3e1b21e5:207", ["key", "kind", "summary", "executionOrder", "executionPhase", "executionOrderSource", "program", "ingestion", "layer", "nodeType", "viewTag", "reviewedAt"]
"Paragraph", "008-POSICION-AYER", "4:ee2ca281-e2ed-4fe4-ae41-d13a3e1b21e5:214", ["key", "kind", "summary", "executionOrder", "executionPhase", "executionOrderSource", "program", "ingestion", "layer", "nodeType", "viewTag", "reviewedAt"]
"Paragraph", "010-0100-INICIO", "4:ee2ca281-e2ed-4fe4-ae41-d13a3e1b21e5:390", ["key", "kind", "summary", "executionOrder", "executionPhase", "executionOrderSource", "program", "ingestion", "layer", "nodeType", "viewTag", "reviewedAt"]
"Paragraph", "010-9900-FIN", "4:ee2ca281-e2ed-4fe4-ae41-d13a3e1b21e5:392", ["key", "kind", "summary", "executionOrder", "executionPhase", "executionOrderSource", "program", "ingestion", "layer", "nodeType", "viewTag", "reviewedAt"]
"Paragraph", "010-FECHA-HOY-MANANA", "4:ee2ca281-e2ed-4fe4-ae41-d13a3e1b21e5:348", ["key", "kind", "summary", "executionOrder", "executionPhase", "executionOrderSource", "program", "ingestion", "layer", "nodeType", "viewTag", "reviewedAt"]
"Paragraph", "010-FECHA-HOY-MANANA", "4:ee2ca281-e2ed-4fe4-ae41-d13a3e1b21e5:509", ["key", "kind", "summary", "executionOrder", "executionPhase", "executionOrderSource", "program", "ingestion", "layer", "nodeType", "viewTag", "reviewedAt"]
"Paragraph", "010-INICIALIZA", "4:ee2ca281-e2ed-4fe4-ae41-d13a3e1b21e5:234", ["key", "kind", "summary", "executionOrder", "executionPhase", "executionOrderSource", "program", "ingestion", "layer", "nodeType", "viewTag", "reviewedAt"]
"Paragraph", "010-INICIALIZA", "4:ee2ca281-e2ed-4fe4-ae41-d13a3e1b21e5:261", ["key", "kind", "summary", "executionOrder", "executionPhase", "executionOrderSource", "program", "ingestion", "layer", "nodeType", "viewTag", "reviewedAt"]
"Paragraph", "010-INICIALIZA-1", "4:ee2ca281-e2ed-4fe4-ae41-d13a3e1b21e5:293", ["key", "kind", "summary", "executionOrder", "executionPhase", "executionOrderSource", "program", "ingestion", "layer", "nodeType", "viewTag", "reviewedAt"]
"Paragraph", "010-PROCESO", "4:ee2ca281-e2ed-4fe4-ae41-d13a3e1b21e5:217", ["key", "kind", "summary", "executionOrder", "executionPhase", "executionOrderSource", "program", "ingestion", "layer", "nodeType", "viewTag", "reviewedAt"]
"Paragraph", "010-TABLA-DE-TASAS", "4:ee2ca281-e2ed-4fe4-ae41-d13a3e1b21e5:370", ["key", "kind", "summary", "executionOrder", "executionPhase", "executionOrderSource", "program", "ingestion", "layer", "nodeType", "viewTag", "reviewedAt"]
"Paragraph", "0100-INICIALIZA", "4:ee2ca281-e2ed-4fe4-ae41-d13a3e1b21e5:343", ["key", "kind", "summary", "executionOrder", "executionPhase", "executionOrderSource", "program", "ingestion", "layer", "nodeType", "viewTag", "reviewedAt"]
"Paragraph", "0100-INICIALIZA", "4:ee2ca281-e2ed-4fe4-ae41-d13a3e1b21e5:364", ["key", "kind", "summary", "executionOrder", "executionPhase", "executionOrderSource", "program", "ingestion", "layer", "nodeType", "viewTag", "reviewedAt"]
"Paragraph", "0100-INICIALIZA", "4:ee2ca281-e2ed-4fe4-ae41-d13a3e1b21e5:477", ["key", "kind", "summary", "executionOrder", "executionPhase", "executionOrderSource", "program", "ingestion", "layer", "nodeType", "viewTag", "reviewedAt"]
"Paragraph", "0100-INICIALIZA", "4:ee2ca281-e2ed-4fe4-ae41-d13a3e1b21e5:505", ["key", "kind", "summary", "executionOrder", "executionPhase", "executionOrderSource", "program", "ingestion", "layer", "nodeType", "viewTag", "reviewedAt"]
"Paragraph", "0100-INICIALIZA", "4:ee2ca281-e2ed-4fe4-ae41-d13a3e1b21e5:532", ["key", "kind", "summary", "executionOrder", "executionPhase", "executionOrderSource", "program", "ingestion", "layer", "nodeType", "viewTag", "reviewedAt"]
"Paragraph", "015-0100-INICIO", "4:ee2ca281-e2ed-4fe4-ae41-d13a3e1b21e5:393", ["key", "kind", "summary", "executionOrder", "executionPhase", "executionOrderSource", "program", "ingestion", "layer", "nodeType", "viewTag", "reviewedAt"]
"Paragraph", "015-9900-FIN", "4:ee2ca281-e2ed-4fe4-ae41-d13a3e1b21e5:394", ["key", "kind", "summary", "executionOrder", "executionPhase", "executionOrderSource", "program", "ingestion", "layer", "nodeType", "viewTag", "reviewedAt"]
"Paragraph", "015-DETA-REPORTE-1", "4:ee2ca281-e2ed-4fe4-ae41-d13a3e1b21e5:372", ["key", "kind", "summary", "executionOrder", "executionPhase", "executionOrderSource", "program", "ingestion", "layer", "nodeType", "viewTag", "reviewedAt"]
"Paragraph", "015-ESCRIBE-DATO", "4:ee2ca281-e2ed-4fe4-ae41-d13a3e1b21e5:222", ["key", "kind", "summary", "executionOrder", "executionPhase", "executionOrderSource", "program", "ingestion", "layer", "nodeType", "viewTag", "reviewedAt"]
"Paragraph", "018-TOTAL", "4:ee2ca281-e2ed-4fe4-ae41-d13a3e1b21e5:218", ["key", "kind", "summary", "executionOrder", "executionPhase", "executionOrderSource", "program", "ingestion", "layer", "nodeType", "viewTag", "reviewedAt"]
"Paragraph", "020-COMPRA", "4:ee2ca281-e2ed-4fe4-ae41-d13a3e1b21e5:354", ["key", "kind", "summary", "executionOrder", "executionPhase", "executionOrderSource", "program", "ingestion", "layer", "nodeType", "viewTag", "reviewedAt"]
"Paragraph", "020-COMPRA", "4:ee2ca281-e2ed-4fe4-ae41-d13a3e1b21e5:514", ["key", "kind", "summary", "executionOrder", "executionPhase", "executionOrderSource", "program", "ingestion", "layer", "nodeType", "viewTag", "reviewedAt"]
"Paragraph", "020-CORTA-HOJA", "4:ee2ca281-e2ed-4fe4-ae41-d13a3e1b21e5:223", ["key", "kind", "summary", "executionOrder", "executionPhase", "executionOrderSource", "program", "ingestion", "layer", "nodeType", "viewTag", "reviewedAt"]
"Paragraph", "020-PROCESA-OPERACION", "4:ee2ca281-e2ed-4fe4-ae41-d13a3e1b21e5:486", ["key", "kind", "summary", "executionOrder", "executionPhase", "executionOrderSource", "program", "ingestion", "layer", "nodeType", "viewTag", "reviewedAt"]
"Paragraph", "020-PROCESA-OPERACION", "4:ee2ca281-e2ed-4fe4-ae41-d13a3e1b21e5:541", ["key", "kind", "summary", "executionOrder", "executionPhase", "executionOrderSource", "program", "ingestion", "layer", "nodeType", "viewTag", "reviewedAt"]
"Paragraph", "020-PROCESO", "4:ee2ca281-e2ed-4fe4-ae41-d13a3e1b21e5:235", ["key", "kind", "summary", "executionOrder", "executionPhase", "executionOrderSource", "program", "ingestion", "layer", "nodeType", "viewTag", "reviewedAt"]
"Paragraph", "020-PROCESO", "4:ee2ca281-e2ed-4fe4-ae41-d13a3e1b21e5:262", ["key", "kind", "summary", "executionOrder", "executionPhase", "executionOrderSource", "program", "ingestion", "layer", "nodeType", "viewTag", "reviewedAt"]
"Paragraph", "020-PROCESO-1", "4:ee2ca281-e2ed-4fe4-ae41-d13a3e1b21e5:294", ["key", "kind", "summary", "executionOrder", "executionPhase", "executionOrderSource", "program", "ingestion", "layer", "nodeType", "viewTag", "reviewedAt"]
"Paragraph", "025-PLAZO-1", "4:ee2ca281-e2ed-4fe4-ae41-d13a3e1b21e5:267", ["key", "kind", "summary", "executionOrder", "executionPhase", "executionOrderSource", "program", "ingestion", "layer", "nodeType", "viewTag", "reviewedAt"]
"Paragraph", "025-PROCESA-IEMICOB", "4:ee2ca281-e2ed-4fe4-ae41-d13a3e1b21e5:245", ["key", "kind", "summary", "executionOrder", "executionPhase", "executionOrderSource", "program", "ingestion", "layer", "nodeType", "viewTag", "reviewedAt"]
"Paragraph", "030-0100-INICIO", "4:ee2ca281-e2ed-4fe4-ae41-d13a3e1b21e5:395", ["key", "kind", "summary", "executionOrder", "executionPhase", "executionOrderSource", "program", "ingestion", "layer", "nodeType", "viewTag", "reviewedAt"]
"Paragraph", "030-9900-FIN", "4:ee2ca281-e2ed-4fe4-ae41-d13a3e1b21e5:400", ["key", "kind", "summary", "executionOrder", "executionPhase", "executionOrderSource", "program", "ingestion", "layer", "nodeType", "viewTag", "reviewedAt"]
"Paragraph", "030-CONTROLA-TITULOS", "4:ee2ca281-e2ed-4fe4-ae41-d13a3e1b21e5:216", ["key", "kind", "summary", "executionOrder", "executionPhase", "executionOrderSource", "program", "ingestion", "layer", "nodeType", "viewTag", "reviewedAt"]
"Paragraph", "030-DIAS-POR-CUBRIR", "4:ee2ca281-e2ed-4fe4-ae41-d13a3e1b21e5:302", ["key", "kind", "summary", "executionOrder", "executionPhase", "executionOrderSource", "program", "ingestion", "layer", "nodeType", "viewTag", "reviewedAt"]
"Paragraph", "030-MENOR-DE-30", "4:ee2ca281-e2ed-4fe4-ae41-d13a3e1b21e5:375", ["key", "kind", "summary", "executionOrder", "executionPhase", "executionOrderSource", "program", "ingestion", "layer", "nodeType", "viewTag", "reviewedAt"]
"Paragraph", "030-PLAZO-2", "4:ee2ca281-e2ed-4fe4-ae41-d13a3e1b21e5:268", ["key", "kind", "summary", "executionOrder", "executionPhase", "executionOrderSource", "program", "ingestion", "layer", "nodeType", "viewTag", "reviewedAt"]
"Paragraph", "030-PREGUNTA-ITIPOPE", "4:ee2ca281-e2ed-4fe4-ae41-d13a3e1b21e5:246", ["key", "kind", "summary", "executionOrder", "executionPhase", "executionOrderSource", "program", "ingestion", "layer", "nodeType", "viewTag", "reviewedAt"]
"Paragraph", "030-VENTA", "4:ee2ca281-e2ed-4fe4-ae41-d13a3e1b21e5:355", ["key", "kind", "summary", "executionOrder", "executionPhase", "executionOrderSource", "program", "ingestion", "layer", "nodeType", "viewTag", "reviewedAt"]
"Paragraph", "030-VENTA", "4:ee2ca281-e2ed-4fe4-ae41-d13a3e1b21e5:515", ["key", "kind", "summary", "executionOrder", "executionPhase", "executionOrderSource", "program", "ingestion", "layer", "nodeType", "viewTag", "reviewedAt"]
"Paragraph", "035-PLAZO-3", "4:ee2ca281-e2ed-4fe4-ae41-d13a3e1b21e5:269", ["key", "kind", "summary", "executionOrder", "executionPhase", "executionOrderSource", "program", "ingestion", "layer", "nodeType", "viewTag", "reviewedAt"]
"Paragraph", "03630000", "4:ee2ca281-e2ed-4fe4-ae41-d13a3e1b21e5:271", ["key", "kind", "summary", "executionOrder", "executionPhase", "executionOrderSource", "program", "ingestion", "layer", "nodeType", "viewTag", "reviewedAt"]
"Paragraph", "03980000", "4:ee2ca281-e2ed-4fe4-ae41-d13a3e1b21e5:272", ["key", "kind", "summary", "executionOrder", "executionPhase", "executionOrderSource", "program", "ingestion", "layer", "nodeType", "viewTag", "reviewedAt"]
"Paragraph", "040-0100-INICIO", "4:ee2ca281-e2ed-4fe4-ae41-d13a3e1b21e5:401", ["key", "kind", "summary", "executionOrder", "executionPhase", "executionOrderSource", "program", "ingestion", "layer", "nodeType", "viewTag", "reviewedAt"]
"Paragraph", "040-9900-FIN", "4:ee2ca281-e2ed-4fe4-ae41-d13a3e1b21e5:403", ["key", "kind", "summary", "executionOrder", "executionPhase", "executionOrderSource", "program", "ingestion", "layer", "nodeType", "viewTag", "reviewedAt"]
"Paragraph", "040-ARMA-DETALLE", "4:ee2ca281-e2ed-4fe4-ae41-d13a3e1b21e5:270", ["key", "kind", "summary", "executionOrder", "executionPhase", "executionOrderSource", "program", "ingestion", "layer", "nodeType", "viewTag", "reviewedAt"]
"Paragraph", "040-CLASIFICACION", "4:ee2ca281-e2ed-4fe4-ae41-d13a3e1b21e5:296", ["key", "kind", "summary", "executionOrder", "executionPhase", "executionOrderSource", "program", "ingestion", "layer", "nodeType", "viewTag", "reviewedAt"]
"Paragraph", "040-IMPRIME-PLAZO", "4:ee2ca281-e2ed-4fe4-ae41-d13a3e1b21e5:227", ["key", "kind", "summary", "executionOrder", "executionPhase", "executionOrderSource", "program", "ingestion", "layer", "nodeType", "viewTag", "reviewedAt"]
"Paragraph", "040-MENOR-DE-90", "4:ee2ca281-e2ed-4fe4-ae41-d13a3e1b21e5:376", ["key", "kind", "summary", "executionOrder", "executionPhase", "executionOrderSource", "program", "ingestion", "layer", "nodeType", "viewTag", "reviewedAt"]
"Paragraph", "040-PROCESA-DETALLE", "4:ee2ca281-e2ed-4fe4-ae41-d13a3e1b21e5:253", ["key", "kind", "summary", "executionOrder", "executionPhase", "executionOrderSource", "program", "ingestion", "layer", "nodeType", "viewTag", "reviewedAt"]
"Paragraph", "04300000", "4:ee2ca281-e2ed-4fe4-ae41-d13a3e1b21e5:273", ["key", "kind", "summary", "executionOrder", "executionPhase", "executionOrderSource", "program", "ingestion", "layer", "nodeType", "viewTag", "reviewedAt"]
"Paragraph", "050-0100-INICIO", "4:ee2ca281-e2ed-4fe4-ae41-d13a3e1b21e5:404", ["key", "kind", "summary", "executionOrder", "executionPhase", "executionOrderSource", "program", "ingestion", "layer", "nodeType", "viewTag", "reviewedAt"]
"Paragraph", "050-9900-FIN", "4:ee2ca281-e2ed-4fe4-ae41-d13a3e1b21e5:406", ["key", "kind", "summary", "executionOrder", "executionPhase", "executionOrderSource", "program", "ingestion", "layer", "nodeType", "viewTag", "reviewedAt"]
"Paragraph", "050-IMPRIME-RENGLON", "4:ee2ca281-e2ed-4fe4-ae41-d13a3e1b21e5:225", ["key", "kind", "summary", "executionOrder", "executionPhase", "executionOrderSource", "program", "ingestion", "layer", "nodeType", "viewTag", "reviewedAt"]
"Paragraph", "050-INICIALIZA-2", "4:ee2ca281-e2ed-4fe4-ae41-d13a3e1b21e5:297", ["key", "kind", "summary", "executionOrder", "executionPhase", "executionOrderSource", "program", "ingestion", "layer", "nodeType", "viewTag", "reviewedAt"]
"Paragraph", "050-MENOR-DE-180", "4:ee2ca281-e2ed-4fe4-ae41-d13a3e1b21e5:377", ["key", "kind", "summary", "executionOrder", "executionPhase", "executionOrderSource", "program", "ingestion", "layer", "nodeType", "viewTag", "reviewedAt"]
"Paragraph", "050-POSICION-COMPRAS", "4:ee2ca281-e2ed-4fe4-ae41-d13a3e1b21e5:243", ["key", "kind", "summary", "executionOrder", "executionPhase", "executionOrderSource", "program", "ingestion", "layer", "nodeType", "viewTag", "reviewedAt"]
"Paragraph", "051-0100-INICIO", "4:ee2ca281-e2ed-4fe4-ae41-d13a3e1b21e5:407", ["key", "kind", "summary", "executionOrder", "executionPhase", "executionOrderSource", "program", "ingestion", "layer", "nodeType", "viewTag", "reviewedAt"]
"Paragraph", "051-9900-FIN", "4:ee2ca281-e2ed-4fe4-ae41-d13a3e1b21e5:409", ["key", "kind", "summary", "executionOrder", "executionPhase", "executionOrderSource", "program", "ingestion", "layer", "nodeType", "viewTag", "reviewedAt"]
"Paragraph", "051-MENOR-DE-365", "4:ee2ca281-e2ed-4fe4-ae41-d13a3e1b21e5:378", ["key", "kind", "summary", "executionOrder", "executionPhase", "executionOrderSource", "program", "ingestion", "layer", "nodeType", "viewTag", "reviewedAt"]
"Paragraph", "052-0100-INICIO", "4:ee2ca281-e2ed-4fe4-ae41-d13a3e1b21e5:410", ["key", "kind", "summary", "executionOrder", "executionPhase", "executionOrderSource", "program", "ingestion", "layer", "nodeType", "viewTag", "reviewedAt"]
"Paragraph", "052-9900-FIN", "4:ee2ca281-e2ed-4fe4-ae41-d13a3e1b21e5:411", ["key", "kind", "summary", "executionOrder", "executionPhase", "executionOrderSource", "program", "ingestion", "layer", "nodeType", "viewTag", "reviewedAt"]
"Paragraph", "052-IMPRIME-TOTALES", "4:ee2ca281-e2ed-4fe4-ae41-d13a3e1b21e5:379", ["key", "kind", "summary", "executionOrder", "executionPhase", "executionOrderSource", "program", "ingestion", "layer", "nodeType", "viewTag", "reviewedAt"]
"Paragraph", "055-0100-INICIO", "4:ee2ca281-e2ed-4fe4-ae41-d13a3e1b21e5:412", ["key", "kind", "summary", "executionOrder", "executionPhase", "executionOrderSource", "program", "ingestion", "layer", "nodeType", "viewTag", "reviewedAt"]
"Paragraph", "055-9900-FIN", "4:ee2ca281-e2ed-4fe4-ae41-d13a3e1b21e5:414", ["key", "kind", "summary", "executionOrder", "executionPhase", "executionOrderSource", "program", "ingestion", "layer", "nodeType", "viewTag", "reviewedAt"]
"Paragraph", "055-POSICION-VENTAS", "4:ee2ca281-e2ed-4fe4-ae41-d13a3e1b21e5:252", ["key", "kind", "summary", "executionOrder", "executionPhase", "executionOrderSource", "program", "ingestion", "layer", "nodeType", "viewTag", "reviewedAt"]
"Paragraph", "055-TOTALES-FINAL", "4:ee2ca281-e2ed-4fe4-ae41-d13a3e1b21e5:380", ["key", "kind", "summary", "executionOrder", "executionPhase", "executionOrderSource", "program", "ingestion", "layer", "nodeType", "viewTag", "reviewedAt"]
"Paragraph", "057-0100-INICIO", "4:ee2ca281-e2ed-4fe4-ae41-d13a3e1b21e5:415", ["key", "kind", "summary", "executionOrder", "executionPhase", "executionOrderSource", "program", "ingestion", "layer", "nodeType", "viewTag", "reviewedAt"]
"Paragraph", "057-9900-FIN", "4:ee2ca281-e2ed-4fe4-ae41-d13a3e1b21e5:416", ["key", "kind", "summary", "executionOrder", "executionPhase", "executionOrderSource", "program", "ingestion", "layer", "nodeType", "viewTag", "reviewedAt"]
"Paragraph", "057-IMPRIME-TOTALES-FINALES", "4:ee2ca281-e2ed-4fe4-ae41-d13a3e1b21e5:381", ["key", "kind", "summary", "executionOrder", "executionPhase", "executionOrderSource", "program", "ingestion", "layer", "nodeType", "viewTag", "reviewedAt"]
"Paragraph", "060-0100-INICIO", "4:ee2ca281-e2ed-4fe4-ae41-d13a3e1b21e5:417", ["key", "kind", "summary", "executionOrder", "executionPhase", "executionOrderSource", "program", "ingestion", "layer", "nodeType", "viewTag", "reviewedAt"]
"Paragraph", "060-9900-FIN", "4:ee2ca281-e2ed-4fe4-ae41-d13a3e1b21e5:425", ["key", "kind", "summary", "executionOrder", "executionPhase", "executionOrderSource", "program", "ingestion", "layer", "nodeType", "viewTag", "reviewedAt"]
"Paragraph", "060-GRUPO", "4:ee2ca281-e2ed-4fe4-ae41-d13a3e1b21e5:396", ["key", "kind", "summary", "executionOrder", "executionPhase", "executionOrderSource", "program", "ingestion", "layer", "nodeType", "viewTag", "reviewedAt"]
"Paragraph", "060-IMPRIME-TOTAL", "4:ee2ca281-e2ed-4fe4-ae41-d13a3e1b21e5:224", ["key", "kind", "summary", "executionOrder", "executionPhase", "executionOrderSource", "program", "ingestion", "layer", "nodeType", "viewTag", "reviewedAt"]
"Paragraph", "060-MUEVE-EMICOB", "4:ee2ca281-e2ed-4fe4-ae41-d13a3e1b21e5:242", ["key", "kind", "summary", "executionOrder", "executionPhase", "executionOrderSource", "program", "ingestion", "layer", "nodeType", "viewTag", "reviewedAt"]
"Paragraph", "060-PROCESO-2", "4:ee2ca281-e2ed-4fe4-ae41-d13a3e1b21e5:298", ["key", "kind", "summary", "executionOrder", "executionPhase", "executionOrderSource", "program", "ingestion", "layer", "nodeType", "viewTag", "reviewedAt"]
"Paragraph", "061-0100-INICIO", "4:ee2ca281-e2ed-4fe4-ae41-d13a3e1b21e5:426", ["key", "kind", "summary", "executionOrder", "executionPhase", "executionOrderSource", "program", "ingestion", "layer", "nodeType", "viewTag", "reviewedAt"]
"Paragraph", "061-9900-FIN", "4:ee2ca281-e2ed-4fe4-ae41-d13a3e1b21e5:427", ["key", "kind", "summary", "executionOrder", "executionPhase", "executionOrderSource", "program", "ingestion", "layer", "nodeType", "viewTag", "reviewedAt"]
"Paragraph", "061-DIAS-POR-LIQUIDAR", "4:ee2ca281-e2ed-4fe4-ae41-d13a3e1b21e5:418", ["key", "kind", "summary", "executionOrder", "executionPhase", "executionOrderSource", "program", "ingestion", "layer", "nodeType", "viewTag", "reviewedAt"]
"Paragraph", "063-0100-INICIO", "4:ee2ca281-e2ed-4fe4-ae41-d13a3e1b21e5:428", ["key", "kind", "summary", "executionOrder", "executionPhase", "executionOrderSource", "program", "ingestion", "layer", "nodeType", "viewTag", "reviewedAt"]
"Paragraph", "063-9900-FIN", "4:ee2ca281-e2ed-4fe4-ae41-d13a3e1b21e5:430", ["key", "kind", "summary", "executionOrder", "executionPhase", "executionOrderSource", "program", "ingestion", "layer", "nodeType", "viewTag", "reviewedAt"]
"Paragraph", "063-TRAE-TASAS-ASO", "4:ee2ca281-e2ed-4fe4-ae41-d13a3e1b21e5:421", ["key", "kind", "summary", "executionOrder", "executionPhase", "executionOrderSource", "program", "ingestion", "layer", "nodeType", "viewTag", "reviewedAt"]
"Paragraph", "065-0100-INICIO", "4:ee2ca281-e2ed-4fe4-ae41-d13a3e1b21e5:431", ["key", "kind", "summary", "executionOrder", "executionPhase", "executionOrderSource", "program", "ingestion", "layer", "nodeType", "viewTag", "reviewedAt"]
"Paragraph", "065-9900-FIN", "4:ee2ca281-e2ed-4fe4-ae41-d13a3e1b21e5:432", ["key", "kind", "summary", "executionOrder", "executionPhase", "executionOrderSource", "program", "ingestion", "layer", "nodeType", "viewTag", "reviewedAt"]
"Paragraph", "065-CALCULA-DIA", "4:ee2ca281-e2ed-4fe4-ae41-d13a3e1b21e5:422", ["key", "kind", "summary", "executionOrder", "executionPhase", "executionOrderSource", "program", "ingestion", "layer", "nodeType", "viewTag", "reviewedAt"]
"Paragraph", "065-IMPRIME-TOTAL1", "4:ee2ca281-e2ed-4fe4-ae41-d13a3e1b21e5:226", ["key", "kind", "summary", "executionOrder", "executionPhase", "executionOrderSource", "program", "ingestion", "layer", "nodeType", "viewTag", "reviewedAt"]
"Paragraph", "067-0100-INICIO", "4:ee2ca281-e2ed-4fe4-ae41-d13a3e1b21e5:433", ["key", "kind", "summary", "executionOrder", "executionPhase", "executionOrderSource", "program", "ingestion", "layer", "nodeType", "viewTag", "reviewedAt"]
"Paragraph", "067-9900-FIN", "4:ee2ca281-e2ed-4fe4-ae41-d13a3e1b21e5:434", ["key", "kind", "summary", "executionOrder", "executionPhase", "executionOrderSource", "program", "ingestion", "layer", "nodeType", "viewTag", "reviewedAt"]
"Paragraph", "067-IMPRIME-DIA", "4:ee2ca281-e2ed-4fe4-ae41-d13a3e1b21e5:423", ["key", "kind", "summary", "executionOrder", "executionPhase", "executionOrderSource", "program", "ingestion", "layer", "nodeType", "viewTag", "reviewedAt"]
"Paragraph", "069-0100-INICIO", "4:ee2ca281-e2ed-4fe4-ae41-d13a3e1b21e5:435", ["key", "kind", "summary", "executionOrder", "executionPhase", "executionOrderSource", "program", "ingestion", "layer", "nodeType", "viewTag", "reviewedAt"]
"Paragraph", "069-9900-FIN", "4:ee2ca281-e2ed-4fe4-ae41-d13a3e1b21e5:436", ["key", "kind", "summary", "executionOrder", "executionPhase", "executionOrderSource", "program", "ingestion", "layer", "nodeType", "viewTag", "reviewedAt"]
"Paragraph", "069-SUMA-DIA-A-GRUPO", "4:ee2ca281-e2ed-4fe4-ae41-d13a3e1b21e5:424", ["key", "kind", "summary", "executionOrder", "executionPhase", "executionOrderSource", "program", "ingestion", "layer", "nodeType", "viewTag", "reviewedAt"]
"Paragraph", "070-0100-INICIO", "4:ee2ca281-e2ed-4fe4-ae41-d13a3e1b21e5:437", ["key", "kind", "summary", "executionOrder", "executionPhase", "executionOrderSource", "program", "ingestion", "layer", "nodeType", "viewTag", "reviewedAt"]
"Paragraph", "070-9900-FIN", "4:ee2ca281-e2ed-4fe4-ae41-d13a3e1b21e5:438", ["key", "kind", "summary", "executionOrder", "executionPhase", "executionOrderSource", "program", "ingestion", "layer", "nodeType", "viewTag", "reviewedAt"]
"Paragraph", "070-CORTE", "4:ee2ca281-e2ed-4fe4-ae41-d13a3e1b21e5:306", ["key", "kind", "summary", "executionOrder", "executionPhase", "executionOrderSource", "program", "ingestion", "layer", "nodeType", "viewTag", "reviewedAt"]
"Paragraph", "070-GRUPO-SUMA", "4:ee2ca281-e2ed-4fe4-ae41-d13a3e1b21e5:398", ["key", "kind", "summary", "executionOrder", "executionPhase", "executionOrderSource", "program", "ingestion", "layer", "nodeType", "viewTag", "reviewedAt"]
"Paragraph", "080-0100-INICIO", "4:ee2ca281-e2ed-4fe4-ae41-d13a3e1b21e5:439", ["key", "kind", "summary", "executionOrder", "executionPhase", "executionOrderSource", "program", "ingestion", "layer", "nodeType", "viewTag", "reviewedAt"]
"Paragraph", "080-9900-FIN", "4:ee2ca281-e2ed-4fe4-ae41-d13a3e1b21e5:440", ["key", "kind", "summary", "executionOrder", "executionPhase", "executionOrderSource", "program", "ingestion", "layer", "nodeType", "viewTag", "reviewedAt"]
"Paragraph", "080-GRUPO-IMPRIME-TOT", "4:ee2ca281-e2ed-4fe4-ae41-d13a3e1b21e5:399", ["key", "kind", "summary", "executionOrder", "executionPhase", "executionOrderSource", "program", "ingestion", "layer", "nodeType", "viewTag", "reviewedAt"]
"Paragraph", "080-REGISTRO", "4:ee2ca281-e2ed-4fe4-ae41-d13a3e1b21e5:307", ["key", "kind", "summary", "executionOrder", "executionPhase", "executionOrderSource", "program", "ingestion", "layer", "nodeType", "viewTag", "reviewedAt"]
"Paragraph", "08430003", "4:ee2ca281-e2ed-4fe4-ae41-d13a3e1b21e5:388", ["key", "kind", "summary", "executionOrder", "executionPhase", "executionOrderSource", "program", "ingestion", "layer", "nodeType", "viewTag", "reviewedAt"]
"Paragraph", "08890003", "4:ee2ca281-e2ed-4fe4-ae41-d13a3e1b21e5:391", ["key", "kind", "summary", "executionOrder", "executionPhase", "executionOrderSource", "program", "ingestion", "layer", "nodeType", "viewTag", "reviewedAt"]
"Paragraph", "090-0100-INICIO", "4:ee2ca281-e2ed-4fe4-ae41-d13a3e1b21e5:441", ["key", "kind", "summary", "executionOrder", "executionPhase", "executionOrderSource", "program", "ingestion", "layer", "nodeType", "viewTag", "reviewedAt"]
"Paragraph", "090-9900-FIN", "4:ee2ca281-e2ed-4fe4-ae41-d13a3e1b21e5:442", ["key", "kind", "summary", "executionOrder", "executionPhase", "executionOrderSource", "program", "ingestion", "layer", "nodeType", "viewTag", "reviewedAt"]
"Paragraph", "090-ARMA", "4:ee2ca281-e2ed-4fe4-ae41-d13a3e1b21e5:308", ["key", "kind", "summary", "executionOrder", "executionPhase", "executionOrderSource", "program", "ingestion", "layer", "nodeType", "viewTag", "reviewedAt"]
"Paragraph", "090-DIA", "4:ee2ca281-e2ed-4fe4-ae41-d13a3e1b21e5:419", ["key", "kind", "summary", "executionOrder", "executionPhase", "executionOrderSource", "program", "ingestion", "layer", "nodeType", "viewTag", "reviewedAt"]
"Paragraph", "09470003", "4:ee2ca281-e2ed-4fe4-ae41-d13a3e1b21e5:397", ["key", "kind", "summary", "executionOrder", "executionPhase", "executionOrderSource", "program", "ingestion", "layer", "nodeType", "viewTag", "reviewedAt"]
"Paragraph", "09630003", "4:ee2ca281-e2ed-4fe4-ae41-d13a3e1b21e5:402", ["key", "kind", "summary", "executionOrder", "executionPhase", "executionOrderSource", "program", "ingestion", "layer", "nodeType", "viewTag", "reviewedAt"]
"Paragraph", "09790003", "4:ee2ca281-e2ed-4fe4-ae41-d13a3e1b21e5:405", ["key", "kind", "summary", "executionOrder", "executionPhase", "executionOrderSource", "program", "ingestion", "layer", "nodeType", "viewTag", "reviewedAt"]
"Paragraph", "09940003", "4:ee2ca281-e2ed-4fe4-ae41-d13a3e1b21e5:408", ["key", "kind", "summary", "executionOrder", "executionPhase", "executionOrderSource", "program", "ingestion", "layer", "nodeType", "viewTag", "reviewedAt"]
"Paragraph", "100-0100-INICIO", "4:ee2ca281-e2ed-4fe4-ae41-d13a3e1b21e5:443", ["key", "kind", "summary", "executionOrder", "executionPhase", "executionOrderSource", "program", "ingestion", "layer", "nodeType", "viewTag", "reviewedAt"]
"Paragraph", "100-9900-FIN", "4:ee2ca281-e2ed-4fe4-ae41-d13a3e1b21e5:445", ["key", "kind", "summary", "executionOrder", "executionPhase", "executionOrderSource", "program", "ingestion", "layer", "nodeType", "viewTag", "reviewedAt"]
"Paragraph", "100-DDEVENGADOS-A-VP", "4:ee2ca281-e2ed-4fe4-ae41-d13a3e1b21e5:413", ["key", "kind", "summary", "executionOrder", "executionPhase", "executionOrderSource", "program", "ingestion", "layer", "nodeType", "viewTag", "reviewedAt"]
"Paragraph", "100-IMPRIME", "4:ee2ca281-e2ed-4fe4-ae41-d13a3e1b21e5:309", ["key", "kind", "summary", "executionOrder", "executionPhase", "executionOrderSource", "program", "ingestion", "layer", "nodeType", "viewTag", "reviewedAt"]
"Paragraph", "110-0100-INICIO", "4:ee2ca281-e2ed-4fe4-ae41-d13a3e1b21e5:446", ["key", "kind", "summary", "executionOrder", "executionPhase", "executionOrderSource", "program", "ingestion", "layer", "nodeType", "viewTag", "reviewedAt"]
"Paragraph", "110-9900-FIN", "4:ee2ca281-e2ed-4fe4-ae41-d13a3e1b21e5:448", ["key", "kind", "summary", "executionOrder", "executionPhase", "executionOrderSource", "program", "ingestion", "layer", "nodeType", "viewTag", "reviewedAt"]
"Paragraph", "110-TASA-ASOCIADA", "4:ee2ca281-e2ed-4fe4-ae41-d13a3e1b21e5:444", ["key", "kind", "summary", "executionOrder", "executionPhase", "executionOrderSource", "program", "ingestion", "layer", "nodeType", "viewTag", "reviewedAt"]
"Paragraph", "11020003", "4:ee2ca281-e2ed-4fe4-ae41-d13a3e1b21e5:420", ["key", "kind", "summary", "executionOrder", "executionPhase", "executionOrderSource", "program", "ingestion", "layer", "nodeType", "viewTag", "reviewedAt"]
"Paragraph", "11610003", "4:ee2ca281-e2ed-4fe4-ae41-d13a3e1b21e5:429", ["key", "kind", "summary", "executionOrder", "executionPhase", "executionOrderSource", "program", "ingestion", "layer", "nodeType", "viewTag", "reviewedAt"]
"Paragraph", "15470003", "4:ee2ca281-e2ed-4fe4-ae41-d13a3e1b21e5:447", ["key", "kind", "summary", "executionOrder", "executionPhase", "executionOrderSource", "program", "ingestion", "layer", "nodeType", "viewTag", "reviewedAt"]
"Paragraph", "400-ENCA", "4:ee2ca281-e2ed-4fe4-ae41-d13a3e1b21e5:311", ["key", "kind", "summary", "executionOrder", "executionPhase", "executionOrderSource", "program", "ingestion", "layer", "nodeType", "viewTag", "reviewedAt"]
"Paragraph", "400-INCLZA-TOTLS", "4:ee2ca281-e2ed-4fe4-ae41-d13a3e1b21e5:211", ["key", "kind", "summary", "executionOrder", "executionPhase", "executionOrderSource", "program", "ingestion", "layer", "nodeType", "viewTag", "reviewedAt"]
"Paragraph", "500-0100-INICIO", "4:ee2ca281-e2ed-4fe4-ae41-d13a3e1b21e5:449", ["key", "kind", "summary", "executionOrder", "executionPhase", "executionOrderSource", "program", "ingestion", "layer", "nodeType", "viewTag", "reviewedAt"]
"Paragraph", "500-9900-FIN", "4:ee2ca281-e2ed-4fe4-ae41-d13a3e1b21e5:450", ["key", "kind", "summary", "executionOrder", "executionPhase", "executionOrderSource", "program", "ingestion", "layer", "nodeType", "viewTag", "reviewedAt"]
"Paragraph", "500-LEE-CURSOR-OPERCOB", "4:ee2ca281-e2ed-4fe4-ae41-d13a3e1b21e5:301", ["key", "kind", "summary", "executionOrder", "executionPhase", "executionOrderSource", "program", "ingestion", "layer", "nodeType", "viewTag", "reviewedAt"]
"Paragraph", "500-LEE-PARAM", "4:ee2ca281-e2ed-4fe4-ae41-d13a3e1b21e5:345", ["key", "kind", "summary", "executionOrder", "executionPhase", "executionOrderSource", "program", "ingestion", "layer", "nodeType", "viewTag", "reviewedAt"]
"Paragraph", "500-LEE-PARAM", "4:ee2ca281-e2ed-4fe4-ae41-d13a3e1b21e5:368", ["key", "kind", "summary", "executionOrder", "executionPhase", "executionOrderSource", "program", "ingestion", "layer", "nodeType", "viewTag", "reviewedAt"]
"Paragraph", "500-LEE-PARAM", "4:ee2ca281-e2ed-4fe4-ae41-d13a3e1b21e5:479", ["key", "kind", "summary", "executionOrder", "executionPhase", "executionOrderSource", "program", "ingestion", "layer", "nodeType", "viewTag", "reviewedAt"]
"Paragraph", "500-LEE-PARAM", "4:ee2ca281-e2ed-4fe4-ae41-d13a3e1b21e5:507", ["key", "kind", "summary", "executionOrder", "executionPhase", "executionOrderSource", "program", "ingestion", "layer", "nodeType", "viewTag", "reviewedAt"]
"Paragraph", "500-LEE-PARAM", "4:ee2ca281-e2ed-4fe4-ae41-d13a3e1b21e5:534", ["key", "kind", "summary", "executionOrder", "executionPhase", "executionOrderSource", "program", "ingestion", "layer", "nodeType", "viewTag", "reviewedAt"]
"Paragraph", "501-DECLRA-CURSR", "4:ee2ca281-e2ed-4fe4-ae41-d13a3e1b21e5:210", ["key", "kind", "summary", "executionOrder", "executionPhase", "executionOrderSource", "program", "ingestion", "layer", "nodeType", "viewTag", "reviewedAt"]
"Paragraph", "502-ABRE-CURSR", "4:ee2ca281-e2ed-4fe4-ae41-d13a3e1b21e5:212", ["key", "kind", "summary", "executionOrder", "executionPhase", "executionOrderSource", "program", "ingestion", "layer", "nodeType", "viewTag", "reviewedAt"]
"Paragraph", "503-PROCSA-TIPO-DOLR", "4:ee2ca281-e2ed-4fe4-ae41-d13a3e1b21e5:213", ["key", "kind", "summary", "executionOrder", "executionPhase", "executionOrderSource", "program", "ingestion", "layer", "nodeType", "viewTag", "reviewedAt"]
"Paragraph", "510-0100-INICIO", "4:ee2ca281-e2ed-4fe4-ae41-d13a3e1b21e5:451", ["key", "kind", "summary", "executionOrder", "executionPhase", "executionOrderSource", "program", "ingestion", "layer", "nodeType", "viewTag", "reviewedAt"]
"Paragraph", "510-9900-FIN", "4:ee2ca281-e2ed-4fe4-ae41-d13a3e1b21e5:452", ["key", "kind", "summary", "executionOrder", "executionPhase", "executionOrderSource", "program", "ingestion", "layer", "nodeType", "viewTag", "reviewedAt"]
"Paragraph", "510-LEE-CURSOR-EMICOB", "4:ee2ca281-e2ed-4fe4-ae41-d13a3e1b21e5:305", ["key", "kind", "summary", "executionOrder", "executionPhase", "executionOrderSource", "program", "ingestion", "layer", "nodeType", "viewTag", "reviewedAt"]
"Paragraph", "510-LEE-CURSOR-PARAM", "4:ee2ca281-e2ed-4fe4-ae41-d13a3e1b21e5:386", ["key", "kind", "summary", "executionOrder", "executionPhase", "executionOrderSource", "program", "ingestion", "layer", "nodeType", "viewTag", "reviewedAt"]
"Paragraph", "510-LEE-OPERCOB", "4:ee2ca281-e2ed-4fe4-ae41-d13a3e1b21e5:215", ["key", "kind", "summary", "executionOrder", "executionPhase", "executionOrderSource", "program", "ingestion", "layer", "nodeType", "viewTag", "reviewedAt"]
"Paragraph", "510-LEE-OPERCOB", "4:ee2ca281-e2ed-4fe4-ae41-d13a3e1b21e5:266", ["key", "kind", "summary", "executionOrder", "executionPhase", "executionOrderSource", "program", "ingestion", "layer", "nodeType", "viewTag", "reviewedAt"]
"Paragraph", "510-LEE-OPERCOB", "4:ee2ca281-e2ed-4fe4-ae41-d13a3e1b21e5:353", ["key", "kind", "summary", "executionOrder", "executionPhase", "executionOrderSource", "program", "ingestion", "layer", "nodeType", "viewTag", "reviewedAt"]
"Paragraph", "510-LEE-OPERCOB", "4:ee2ca281-e2ed-4fe4-ae41-d13a3e1b21e5:485", ["key", "kind", "summary", "executionOrder", "executionPhase", "executionOrderSource", "program", "ingestion", "layer", "nodeType", "viewTag", "reviewedAt"]
"Paragraph", "510-LEE-OPERCOB", "4:ee2ca281-e2ed-4fe4-ae41-d13a3e1b21e5:513", ["key", "kind", "summary", "executionOrder", "executionPhase", "executionOrderSource", "program", "ingestion", "layer", "nodeType", "viewTag", "reviewedAt"]
"Paragraph", "510-LEE-OPERCOB", "4:ee2ca281-e2ed-4fe4-ae41-d13a3e1b21e5:540", ["key", "kind", "summary", "executionOrder", "executionPhase", "executionOrderSource", "program", "ingestion", "layer", "nodeType", "viewTag", "reviewedAt"]
"Paragraph", "510-SELECCIONA-OPERCOB", "4:ee2ca281-e2ed-4fe4-ae41-d13a3e1b21e5:240", ["key", "kind", "summary", "executionOrder", "executionPhase", "executionOrderSource", "program", "ingestion", "layer", "nodeType", "viewTag", "reviewedAt"]
"Paragraph", "520-0100-INICIO", "4:ee2ca281-e2ed-4fe4-ae41-d13a3e1b21e5:453", ["key", "kind", "summary", "executionOrder", "executionPhase", "executionOrderSource", "program", "ingestion", "layer", "nodeType", "viewTag", "reviewedAt"]
"Paragraph", "520-9900-FIN", "4:ee2ca281-e2ed-4fe4-ae41-d13a3e1b21e5:454", ["key", "kind", "summary", "executionOrder", "executionPhase", "executionOrderSource", "program", "ingestion", "layer", "nodeType", "viewTag", "reviewedAt"]
"Paragraph", "520-LEE-OPERCOB", "4:ee2ca281-e2ed-4fe4-ae41-d13a3e1b21e5:374", ["key", "kind", "summary", "executionOrder", "executionPhase", "executionOrderSource", "program", "ingestion", "layer", "nodeType", "viewTag", "reviewedAt"]
"Paragraph", "520-LEE-TEMPORAL", "4:ee2ca281-e2ed-4fe4-ae41-d13a3e1b21e5:304", ["key", "kind", "summary", "executionOrder", "executionPhase", "executionOrderSource", "program", "ingestion", "layer", "nodeType", "viewTag", "reviewedAt"]
"Paragraph", "520-LEE-TIPO-CAMBIO", "4:ee2ca281-e2ed-4fe4-ae41-d13a3e1b21e5:206", ["key", "kind", "summary", "executionOrder", "executionPhase", "executionOrderSource", "program", "ingestion", "layer", "nodeType", "viewTag", "reviewedAt"]
"Paragraph", "520-SELECCIONA-EMICOB", "4:ee2ca281-e2ed-4fe4-ae41-d13a3e1b21e5:241", ["key", "kind", "summary", "executionOrder", "executionPhase", "executionOrderSource", "program", "ingestion", "layer", "nodeType", "viewTag", "reviewedAt"]
"Paragraph", "530-UPDATE-CURSOR-EMICOB", "4:ee2ca281-e2ed-4fe4-ae41-d13a3e1b21e5:310", ["key", "kind", "summary", "executionOrder", "executionPhase", "executionOrderSource", "program", "ingestion", "layer", "nodeType", "viewTag", "reviewedAt"]
"Paragraph", "550-LEE-TIPO-CAMBIO", "4:ee2ca281-e2ed-4fe4-ae41-d13a3e1b21e5:347", ["key", "kind", "summary", "executionOrder", "executionPhase", "executionOrderSource", "program", "ingestion", "layer", "nodeType", "viewTag", "reviewedAt"]
"Paragraph", "550-LEE-TIPO-CAMBIO", "4:ee2ca281-e2ed-4fe4-ae41-d13a3e1b21e5:480", ["key", "kind", "summary", "executionOrder", "executionPhase", "executionOrderSource", "program", "ingestion", "layer", "nodeType", "viewTag", "reviewedAt"]
"Paragraph", "550-LEE-TIPO-CAMBIO", "4:ee2ca281-e2ed-4fe4-ae41-d13a3e1b21e5:508", ["key", "kind", "summary", "executionOrder", "executionPhase", "executionOrderSource", "program", "ingestion", "layer", "nodeType", "viewTag", "reviewedAt"]
"Paragraph", "550-LEE-TIPO-CAMBIO", "4:ee2ca281-e2ed-4fe4-ae41-d13a3e1b21e5:535", ["key", "kind", "summary", "executionOrder", "executionPhase", "executionOrderSource", "program", "ingestion", "layer", "nodeType", "viewTag", "reviewedAt"]
"Paragraph", "600-LEE-CONCEPT", "4:ee2ca281-e2ed-4fe4-ae41-d13a3e1b21e5:346", ["key", "kind", "summary", "executionOrder", "executionPhase", "executionOrderSource", "program", "ingestion", "layer", "nodeType", "viewTag", "reviewedAt"]
"Paragraph", "600-LEE-CONCEPT", "4:ee2ca281-e2ed-4fe4-ae41-d13a3e1b21e5:481", ["key", "kind", "summary", "executionOrder", "executionPhase", "executionOrderSource", "program", "ingestion", "layer", "nodeType", "viewTag", "reviewedAt"]
"Paragraph", "600-LEE-CONCEPT", "4:ee2ca281-e2ed-4fe4-ae41-d13a3e1b21e5:536", ["key", "kind", "summary", "executionOrder", "executionPhase", "executionOrderSource", "program", "ingestion", "layer", "nodeType", "viewTag", "reviewedAt"]
"Paragraph", "700-0100-INICIO", "4:ee2ca281-e2ed-4fe4-ae41-d13a3e1b21e5:455", ["key", "kind", "summary", "executionOrder", "executionPhase", "executionOrderSource", "program", "ingestion", "layer", "nodeType", "viewTag", "reviewedAt"]
"Paragraph", "700-9900-FIN", "4:ee2ca281-e2ed-4fe4-ae41-d13a3e1b21e5:456", ["key", "kind", "summary", "executionOrder", "executionPhase", "executionOrderSource", "program", "ingestion", "layer", "nodeType", "viewTag", "reviewedAt"]
"Paragraph", "700-CIERRA-CURSOR", "4:ee2ca281-e2ed-4fe4-ae41-d13a3e1b21e5:219", ["key", "kind", "summary", "executionOrder", "executionPhase", "executionOrderSource", "program", "ingestion", "layer", "nodeType", "viewTag", "reviewedAt"]
"Paragraph", "700-ENCABEZADO", "4:ee2ca281-e2ed-4fe4-ae41-d13a3e1b21e5:247", ["key", "kind", "summary", "executionOrder", "executionPhase", "executionOrderSource", "program", "ingestion", "layer", "nodeType", "viewTag", "reviewedAt"]
"Paragraph", "700-ESC-ENCA", "4:ee2ca281-e2ed-4fe4-ae41-d13a3e1b21e5:263", ["key", "kind", "summary", "executionOrder", "executionPhase", "executionOrderSource", "program", "ingestion", "layer", "nodeType", "viewTag", "reviewedAt"]
"Paragraph", "700-ESC-ENCA", "4:ee2ca281-e2ed-4fe4-ae41-d13a3e1b21e5:350", ["key", "kind", "summary", "executionOrder", "executionPhase", "executionOrderSource", "program", "ingestion", "layer", "nodeType", "viewTag", "reviewedAt"]
"Paragraph", "700-ESC-ENCA", "4:ee2ca281-e2ed-4fe4-ae41-d13a3e1b21e5:483", ["key", "kind", "summary", "executionOrder", "executionPhase", "executionOrderSource", "program", "ingestion", "layer", "nodeType", "viewTag", "reviewedAt"]
"Paragraph", "700-ESC-ENCA", "4:ee2ca281-e2ed-4fe4-ae41-d13a3e1b21e5:511", ["key", "kind", "summary", "executionOrder", "executionPhase", "executionOrderSource", "program", "ingestion", "layer", "nodeType", "viewTag", "reviewedAt"]
"Paragraph", "700-ESC-ENCA", "4:ee2ca281-e2ed-4fe4-ae41-d13a3e1b21e5:538", ["key", "kind", "summary", "executionOrder", "executionPhase", "executionOrderSource", "program", "ingestion", "layer", "nodeType", "viewTag", "reviewedAt"]
"Paragraph", "700-ESC-ENCA-1", "4:ee2ca281-e2ed-4fe4-ae41-d13a3e1b21e5:371", ["key", "kind", "summary", "executionOrder", "executionPhase", "executionOrderSource", "program", "ingestion", "layer", "nodeType", "viewTag", "reviewedAt"]
"Paragraph", "700A-ESC-ENCA", "4:ee2ca281-e2ed-4fe4-ae41-d13a3e1b21e5:351", ["key", "kind", "summary", "executionOrder", "executionPhase", "executionOrderSource", "program", "ingestion", "layer", "nodeType", "viewTag", "reviewedAt"]
"Paragraph", "705-ENCABEZADO", "4:ee2ca281-e2ed-4fe4-ae41-d13a3e1b21e5:248", ["key", "kind", "summary", "executionOrder", "executionPhase", "executionOrderSource", "program", "ingestion", "layer", "nodeType", "viewTag", "reviewedAt"]
"Paragraph", "710-0100-INICIO", "4:ee2ca281-e2ed-4fe4-ae41-d13a3e1b21e5:457", ["key", "kind", "summary", "executionOrder", "executionPhase", "executionOrderSource", "program", "ingestion", "layer", "nodeType", "viewTag", "reviewedAt"]
"Paragraph", "710-9900-FIN", "4:ee2ca281-e2ed-4fe4-ae41-d13a3e1b21e5:458", ["key", "kind", "summary", "executionOrder", "executionPhase", "executionOrderSource", "program", "ingestion", "layer", "nodeType", "viewTag", "reviewedAt"]
"Paragraph", "710-ENCABEZADO-COMPRAS", "4:ee2ca281-e2ed-4fe4-ae41-d13a3e1b21e5:249", ["key", "kind", "summary", "executionOrder", "executionPhase", "executionOrderSource", "program", "ingestion", "layer", "nodeType", "viewTag", "reviewedAt"]
"Paragraph", "710-ESC-ENCA-2", "4:ee2ca281-e2ed-4fe4-ae41-d13a3e1b21e5:382", ["key", "kind", "summary", "executionOrder", "executionPhase", "executionOrderSource", "program", "ingestion", "layer", "nodeType", "viewTag", "reviewedAt"]
"Paragraph", "720-ENCABEZADO-VENTAS", "4:ee2ca281-e2ed-4fe4-ae41-d13a3e1b21e5:244", ["key", "kind", "summary", "executionOrder", "executionPhase", "executionOrderSource", "program", "ingestion", "layer", "nodeType", "viewTag", "reviewedAt"]
"Paragraph", "730-TOTALES-COMPRAS", "4:ee2ca281-e2ed-4fe4-ae41-d13a3e1b21e5:250", ["key", "kind", "summary", "executionOrder", "executionPhase", "executionOrderSource", "program", "ingestion", "layer", "nodeType", "viewTag", "reviewedAt"]
"Paragraph", "740-TOTALES-VENTAS", "4:ee2ca281-e2ed-4fe4-ae41-d13a3e1b21e5:251", ["key", "kind", "summary", "executionOrder", "executionPhase", "executionOrderSource", "program", "ingestion", "layer", "nodeType", "viewTag", "reviewedAt"]
"Paragraph", "750-TOTALES-SALDOS", "4:ee2ca281-e2ed-4fe4-ae41-d13a3e1b21e5:254", ["key", "kind", "summary", "executionOrder", "executionPhase", "executionOrderSource", "program", "ingestion", "layer", "nodeType", "viewTag", "reviewedAt"]
"Paragraph", "800-FINALIZA", "4:ee2ca281-e2ed-4fe4-ae41-d13a3e1b21e5:236", ["key", "kind", "summary", "executionOrder", "executionPhase", "executionOrderSource", "program", "ingestion", "layer", "nodeType", "viewTag", "reviewedAt"]
"Paragraph", "800-GRABA-POSICION", "4:ee2ca281-e2ed-4fe4-ae41-d13a3e1b21e5:220", ["key", "kind", "summary", "executionOrder", "executionPhase", "executionOrderSource", "program", "ingestion", "layer", "nodeType", "viewTag", "reviewedAt"]
"Paragraph", "810-TERMINA", "4:ee2ca281-e2ed-4fe4-ae41-d13a3e1b21e5:208", ["key", "kind", "summary", "executionOrder", "executionPhase", "executionOrderSource", "program", "ingestion", "layer", "nodeType", "viewTag", "reviewedAt"]
"Paragraph", "900-FINALIZA-1", "4:ee2ca281-e2ed-4fe4-ae41-d13a3e1b21e5:295", ["key", "kind", "summary", "executionOrder", "executionPhase", "executionOrderSource", "program", "ingestion", "layer", "nodeType", "viewTag", "reviewedAt"]
"Paragraph", "910-FINALIZA-2", "4:ee2ca281-e2ed-4fe4-ae41-d13a3e1b21e5:299", ["key", "kind", "summary", "executionOrder", "executionPhase", "executionOrderSource", "program", "ingestion", "layer", "nodeType", "viewTag", "reviewedAt"]
"Paragraph", "970-SQL-ERROR", "4:ee2ca281-e2ed-4fe4-ae41-d13a3e1b21e5:221", ["key", "kind", "summary", "executionOrder", "executionPhase", "executionOrderSource", "program", "ingestion", "layer", "nodeType", "viewTag", "reviewedAt"]
"Paragraph", "970-SQL-ERROR", "4:ee2ca281-e2ed-4fe4-ae41-d13a3e1b21e5:239", ["key", "kind", "summary", "executionOrder", "executionPhase", "executionOrderSource", "program", "ingestion", "layer", "nodeType", "viewTag", "reviewedAt"]
"Paragraph", "970-SQL-ERROR", "4:ee2ca281-e2ed-4fe4-ae41-d13a3e1b21e5:264", ["key", "kind", "summary", "executionOrder", "executionPhase", "executionOrderSource", "program", "ingestion", "layer", "nodeType", "viewTag", "reviewedAt"]
"Paragraph", "970-SQL-ERROR", "4:ee2ca281-e2ed-4fe4-ae41-d13a3e1b21e5:300", ["key", "kind", "summary", "executionOrder", "executionPhase", "executionOrderSource", "program", "ingestion", "layer", "nodeType", "viewTag", "reviewedAt"]
"Paragraph", "970-SQL-ERROR", "4:ee2ca281-e2ed-4fe4-ae41-d13a3e1b21e5:352", ["key", "kind", "summary", "executionOrder", "executionPhase", "executionOrderSource", "program", "ingestion", "layer", "nodeType", "viewTag", "reviewedAt"]
"Paragraph", "970-SQL-ERROR", "4:ee2ca281-e2ed-4fe4-ae41-d13a3e1b21e5:373", ["key", "kind", "summary", "executionOrder", "executionPhase", "executionOrderSource", "program", "ingestion", "layer", "nodeType", "viewTag", "reviewedAt"]
"Paragraph", "970-SQL-ERROR", "4:ee2ca281-e2ed-4fe4-ae41-d13a3e1b21e5:484", ["key", "kind", "summary", "executionOrder", "executionPhase", "executionOrderSource", "program", "ingestion", "layer", "nodeType", "viewTag", "reviewedAt"]
"Paragraph", "970-SQL-ERROR", "4:ee2ca281-e2ed-4fe4-ae41-d13a3e1b21e5:512", ["key", "kind", "summary", "executionOrder", "executionPhase", "executionOrderSource", "program", "ingestion", "layer", "nodeType", "viewTag", "reviewedAt"]
"Paragraph", "970-SQL-ERROR", "4:ee2ca281-e2ed-4fe4-ae41-d13a3e1b21e5:539", ["key", "kind", "summary", "executionOrder", "executionPhase", "executionOrderSource", "program", "ingestion", "layer", "nodeType", "viewTag", "reviewedAt"]
"Paragraph", "980-0100-INICIO", "4:ee2ca281-e2ed-4fe4-ae41-d13a3e1b21e5:459", ["key", "kind", "summary", "executionOrder", "executionPhase", "executionOrderSource", "program", "ingestion", "layer", "nodeType", "viewTag", "reviewedAt"]
"Paragraph", "980-9900-FIN", "4:ee2ca281-e2ed-4fe4-ae41-d13a3e1b21e5:460", ["key", "kind", "summary", "executionOrder", "executionPhase", "executionOrderSource", "program", "ingestion", "layer", "nodeType", "viewTag", "reviewedAt"]
"Paragraph", "980-ABORTA", "4:ee2ca281-e2ed-4fe4-ae41-d13a3e1b21e5:209", ["key", "kind", "summary", "executionOrder", "executionPhase", "executionOrderSource", "program", "ingestion", "layer", "nodeType", "viewTag", "reviewedAt"]
"Paragraph", "980-ABORTA", "4:ee2ca281-e2ed-4fe4-ae41-d13a3e1b21e5:238", ["key", "kind", "summary", "executionOrder", "executionPhase", "executionOrderSource", "program", "ingestion", "layer", "nodeType", "viewTag", "reviewedAt"]
"Paragraph", "980-ABORTA", "4:ee2ca281-e2ed-4fe4-ae41-d13a3e1b21e5:274", ["key", "kind", "summary", "executionOrder", "executionPhase", "executionOrderSource", "program", "ingestion", "layer", "nodeType", "viewTag", "reviewedAt"]
"Paragraph", "980-ABORTA", "4:ee2ca281-e2ed-4fe4-ae41-d13a3e1b21e5:356", ["key", "kind", "summary", "executionOrder", "executionPhase", "executionOrderSource", "program", "ingestion", "layer", "nodeType", "viewTag", "reviewedAt"]
"Paragraph", "980-ABORTA", "4:ee2ca281-e2ed-4fe4-ae41-d13a3e1b21e5:387", ["key", "kind", "summary", "executionOrder", "executionPhase", "executionOrderSource", "program", "ingestion", "layer", "nodeType", "viewTag", "reviewedAt"]
"Paragraph", "980-ABORTA", "4:ee2ca281-e2ed-4fe4-ae41-d13a3e1b21e5:487", ["key", "kind", "summary", "executionOrder", "executionPhase", "executionOrderSource", "program", "ingestion", "layer", "nodeType", "viewTag", "reviewedAt"]
"Paragraph", "980-ABORTA", "4:ee2ca281-e2ed-4fe4-ae41-d13a3e1b21e5:516", ["key", "kind", "summary", "executionOrder", "executionPhase", "executionOrderSource", "program", "ingestion", "layer", "nodeType", "viewTag", "reviewedAt"]
"Paragraph", "980-ABORTA", "4:ee2ca281-e2ed-4fe4-ae41-d13a3e1b21e5:542", ["key", "kind", "summary", "executionOrder", "executionPhase", "executionOrderSource", "program", "ingestion", "layer", "nodeType", "viewTag", "reviewedAt"]
"Paragraph", "990-9900-FIN", "4:ee2ca281-e2ed-4fe4-ae41-d13a3e1b21e5:461", ["key", "kind", "summary", "executionOrder", "executionPhase", "executionOrderSource", "program", "ingestion", "layer", "nodeType", "viewTag", "reviewedAt"]
"Paragraph", "990-CIF-CTL", "4:ee2ca281-e2ed-4fe4-ae41-d13a3e1b21e5:255", ["key", "kind", "summary", "executionOrder", "executionPhase", "executionOrderSource", "program", "ingestion", "layer", "nodeType", "viewTag", "reviewedAt"]
"Paragraph", "990-CIF-CTL", "4:ee2ca281-e2ed-4fe4-ae41-d13a3e1b21e5:275", ["key", "kind", "summary", "executionOrder", "executionPhase", "executionOrderSource", "program", "ingestion", "layer", "nodeType", "viewTag", "reviewedAt"]
"Paragraph", "990-CIF-CTL", "4:ee2ca281-e2ed-4fe4-ae41-d13a3e1b21e5:312", ["key", "kind", "summary", "executionOrder", "executionPhase", "executionOrderSource", "program", "ingestion", "layer", "nodeType", "viewTag", "reviewedAt"]
"Paragraph", "999-CONST-ENCA", "4:ee2ca281-e2ed-4fe4-ae41-d13a3e1b21e5:204", ["key", "kind", "summary", "executionOrder", "executionPhase", "executionOrderSource", "program", "ingestion", "layer", "nodeType", "viewTag", "reviewedAt"]
"Paragraph", "999-CONST-ENCA", "4:ee2ca281-e2ed-4fe4-ae41-d13a3e1b21e5:237", ["key", "kind", "summary", "executionOrder", "executionPhase", "executionOrderSource", "program", "ingestion", "layer", "nodeType", "viewTag", "reviewedAt"]
"Paragraph", "999-CONST-ENCA", "4:ee2ca281-e2ed-4fe4-ae41-d13a3e1b21e5:265", ["key", "kind", "summary", "executionOrder", "executionPhase", "executionOrderSource", "program", "ingestion", "layer", "nodeType", "viewTag", "reviewedAt"]
"Paragraph", "999-CONST-ENCA", "4:ee2ca281-e2ed-4fe4-ae41-d13a3e1b21e5:303", ["key", "kind", "summary", "executionOrder", "executionPhase", "executionOrderSource", "program", "ingestion", "layer", "nodeType", "viewTag", "reviewedAt"]
"Paragraph", "999-CONST-ENCA", "4:ee2ca281-e2ed-4fe4-ae41-d13a3e1b21e5:344", ["key", "kind", "summary", "executionOrder", "executionPhase", "executionOrderSource", "program", "ingestion", "layer", "nodeType", "viewTag", "reviewedAt"]
"Paragraph", "999-CONST-ENCA", "4:ee2ca281-e2ed-4fe4-ae41-d13a3e1b21e5:367", ["key", "kind", "summary", "executionOrder", "executionPhase", "executionOrderSource", "program", "ingestion", "layer", "nodeType", "viewTag", "reviewedAt"]
"Paragraph", "999-CONST-ENCA", "4:ee2ca281-e2ed-4fe4-ae41-d13a3e1b21e5:478", ["key", "kind", "summary", "executionOrder", "executionPhase", "executionOrderSource", "program", "ingestion", "layer", "nodeType", "viewTag", "reviewedAt"]
"Paragraph", "999-CONST-ENCA", "4:ee2ca281-e2ed-4fe4-ae41-d13a3e1b21e5:506", ["key", "kind", "summary", "executionOrder", "executionPhase", "executionOrderSource", "program", "ingestion", "layer", "nodeType", "viewTag", "reviewedAt"]
"Paragraph", "999-CONST-ENCA", "4:ee2ca281-e2ed-4fe4-ae41-d13a3e1b21e5:533", ["key", "kind", "summary", "executionOrder", "executionPhase", "executionOrderSource", "program", "ingestion", "layer", "nodeType", "viewTag", "reviewedAt"]
"Paragraph", "999-MUEVE-FECHAS", "4:ee2ca281-e2ed-4fe4-ae41-d13a3e1b21e5:203", ["key", "kind", "summary", "executionOrder", "executionPhase", "executionOrderSource", "program", "ingestion", "layer", "nodeType", "viewTag", "reviewedAt"]
"Paragraph", "A990-CIF-CTL", "4:ee2ca281-e2ed-4fe4-ae41-d13a3e1b21e5:193", ["key", "kind", "summary", "executionOrder", "executionPhase", "executionOrderSource", "program", "ingestion", "layer", "nodeType", "viewTag", "reviewedAt"]
"Paragraph", "A990-CIF-CTL", "4:ee2ca281-e2ed-4fe4-ae41-d13a3e1b21e5:286", ["key", "kind", "summary", "executionOrder", "executionPhase", "executionOrderSource", "program", "ingestion", "layer", "nodeType", "viewTag", "reviewedAt"]
"Paragraph", "A990-CIF-CTL", "4:ee2ca281-e2ed-4fe4-ae41-d13a3e1b21e5:334", ["key", "kind", "summary", "executionOrder", "executionPhase", "executionOrderSource", "program", "ingestion", "layer", "nodeType", "viewTag", "reviewedAt"]
"Paragraph", "A990-CIF-CTL", "4:ee2ca281-e2ed-4fe4-ae41-d13a3e1b21e5:469", ["key", "kind", "summary", "executionOrder", "executionPhase", "executionOrderSource", "program", "ingestion", "layer", "nodeType", "viewTag", "reviewedAt"]
"Paragraph", "A990-CIF-CTL", "4:ee2ca281-e2ed-4fe4-ae41-d13a3e1b21e5:496", ["key", "kind", "summary", "executionOrder", "executionPhase", "executionOrderSource", "program", "ingestion", "layer", "nodeType", "viewTag", "reviewedAt"]
"Paragraph", "A990-CIF-CTL", "4:ee2ca281-e2ed-4fe4-ae41-d13a3e1b21e5:524", ["key", "kind", "summary", "executionOrder", "executionPhase", "executionOrderSource", "program", "ingestion", "layer", "nodeType", "viewTag", "reviewedAt"]
"Paragraph", "ACUMULADORES", "4:ee2ca281-e2ed-4fe4-ae41-d13a3e1b21e5:337", ["key", "kind", "summary", "executionOrder", "executionPhase", "executionOrderSource", "program", "ingestion", "layer", "nodeType", "viewTag", "reviewedAt"]
"Paragraph", "ACUMULADORES", "4:ee2ca281-e2ed-4fe4-ae41-d13a3e1b21e5:472", ["key", "kind", "summary", "executionOrder", "executionPhase", "executionOrderSource", "program", "ingestion", "layer", "nodeType", "viewTag", "reviewedAt"]
"Paragraph", "ACUMULADORES", "4:ee2ca281-e2ed-4fe4-ae41-d13a3e1b21e5:499", ["key", "kind", "summary", "executionOrder", "executionPhase", "executionOrderSource", "program", "ingestion", "layer", "nodeType", "viewTag", "reviewedAt"]
"Paragraph", "ACUMULADORES", "4:ee2ca281-e2ed-4fe4-ae41-d13a3e1b21e5:527", ["key", "kind", "summary", "executionOrder", "executionPhase", "executionOrderSource", "program", "ingestion", "layer", "nodeType", "viewTag", "reviewedAt"]
"Paragraph", "AREAS-DE-PASO", "4:ee2ca281-e2ed-4fe4-ae41-d13a3e1b21e5:338", ["key", "kind", "summary", "executionOrder", "executionPhase", "executionOrderSource", "program", "ingestion", "layer", "nodeType", "viewTag", "reviewedAt"]
"Paragraph", "AREAS-DE-PASO", "4:ee2ca281-e2ed-4fe4-ae41-d13a3e1b21e5:500", ["key", "kind", "summary", "executionOrder", "executionPhase", "executionOrderSource", "program", "ingestion", "layer", "nodeType", "viewTag", "reviewedAt"]
"Paragraph", "CALCULA-FECHAS", "4:ee2ca281-e2ed-4fe4-ae41-d13a3e1b21e5:475", ["key", "kind", "summary", "executionOrder", "executionPhase", "executionOrderSource", "program", "ingestion", "layer", "nodeType", "viewTag", "reviewedAt"]
"Paragraph", "CALCULA-FECHAS", "4:ee2ca281-e2ed-4fe4-ae41-d13a3e1b21e5:530", ["key", "kind", "summary", "executionOrder", "executionPhase", "executionOrderSource", "program", "ingestion", "layer", "nodeType", "viewTag", "reviewedAt"]
"Paragraph", "CHECA-DECREMENTO", "4:ee2ca281-e2ed-4fe4-ae41-d13a3e1b21e5:228", ["key", "kind", "summary", "executionOrder", "executionPhase", "executionOrderSource", "program", "ingestion", "layer", "nodeType", "viewTag", "reviewedAt"]
"Paragraph", "CIB028E", "4:ee2ca281-e2ed-4fe4-ae41-d13a3e1b21e5:231", ["key", "kind", "summary", "executionOrder", "executionPhase", "executionOrderSource", "program", "ingestion", "layer", "nodeType", "viewTag", "reviewedAt"]
"Paragraph", "CIB030E", "4:ee2ca281-e2ed-4fe4-ae41-d13a3e1b21e5:258", ["key", "kind", "summary", "executionOrder", "executionPhase", "executionOrderSource", "program", "ingestion", "layer", "nodeType", "viewTag", "reviewedAt"]
"Paragraph", "CIB047E", "4:ee2ca281-e2ed-4fe4-ae41-d13a3e1b21e5:361", ["key", "kind", "summary", "executionOrder", "executionPhase", "executionOrderSource", "program", "ingestion", "layer", "nodeType", "viewTag", "reviewedAt"]
"Paragraph", "DECLRA-CURSR", "4:ee2ca281-e2ed-4fe4-ae41-d13a3e1b21e5:342", ["key", "kind", "summary", "executionOrder", "executionPhase", "executionOrderSource", "program", "ingestion", "layer", "nodeType", "viewTag", "reviewedAt"]
"Paragraph", "DECLRA-CURSR", "4:ee2ca281-e2ed-4fe4-ae41-d13a3e1b21e5:476", ["key", "kind", "summary", "executionOrder", "executionPhase", "executionOrderSource", "program", "ingestion", "layer", "nodeType", "viewTag", "reviewedAt"]
"Paragraph", "DECLRA-CURSR", "4:ee2ca281-e2ed-4fe4-ae41-d13a3e1b21e5:504", ["key", "kind", "summary", "executionOrder", "executionPhase", "executionOrderSource", "program", "ingestion", "layer", "nodeType", "viewTag", "reviewedAt"]
"Paragraph", "DECLRA-CURSR", "4:ee2ca281-e2ed-4fe4-ae41-d13a3e1b21e5:531", ["key", "kind", "summary", "executionOrder", "executionPhase", "executionOrderSource", "program", "ingestion", "layer", "nodeType", "viewTag", "reviewedAt"]
"Paragraph", "DECLRA-CURSR-SQL", "4:ee2ca281-e2ed-4fe4-ae41-d13a3e1b21e5:363", ["key", "kind", "summary", "executionOrder", "executionPhase", "executionOrderSource", "program", "ingestion", "layer", "nodeType", "viewTag", "reviewedAt"]
"Paragraph", "DH-PARAMETROS", "4:ee2ca281-e2ed-4fe4-ae41-d13a3e1b21e5:287", ["key", "kind", "summary", "executionOrder", "executionPhase", "executionOrderSource", "program", "ingestion", "layer", "nodeType", "viewTag", "reviewedAt"]
"Paragraph", "DH-PARAMETROS", "4:ee2ca281-e2ed-4fe4-ae41-d13a3e1b21e5:335", ["key", "kind", "summary", "executionOrder", "executionPhase", "executionOrderSource", "program", "ingestion", "layer", "nodeType", "viewTag", "reviewedAt"]
"Paragraph", "DH-PARAMETROS", "4:ee2ca281-e2ed-4fe4-ae41-d13a3e1b21e5:470", ["key", "kind", "summary", "executionOrder", "executionPhase", "executionOrderSource", "program", "ingestion", "layer", "nodeType", "viewTag", "reviewedAt"]
"Paragraph", "DH-PARAMETROS", "4:ee2ca281-e2ed-4fe4-ae41-d13a3e1b21e5:497", ["key", "kind", "summary", "executionOrder", "executionPhase", "executionOrderSource", "program", "ingestion", "layer", "nodeType", "viewTag", "reviewedAt"]
"Paragraph", "DH-PARAMETROS", "4:ee2ca281-e2ed-4fe4-ae41-d13a3e1b21e5:525", ["key", "kind", "summary", "executionOrder", "executionPhase", "executionOrderSource", "program", "ingestion", "layer", "nodeType", "viewTag", "reviewedAt"]
"Paragraph", "DH-REG", "4:ee2ca281-e2ed-4fe4-ae41-d13a3e1b21e5:202", ["key", "kind", "summary", "executionOrder", "executionPhase", "executionOrderSource", "program", "ingestion", "layer", "nodeType", "viewTag", "reviewedAt"]
"Paragraph", "EXIT", "4:ee2ca281-e2ed-4fe4-ae41-d13a3e1b21e5:384", ["key", "kind", "summary", "executionOrder", "executionPhase", "executionOrderSource", "program", "ingestion", "layer", "nodeType", "viewTag", "reviewedAt"]
"Paragraph", "I020-ID-PROC", "4:ee2ca281-e2ed-4fe4-ae41-d13a3e1b21e5:285", ["key", "kind", "summary", "executionOrder", "executionPhase", "executionOrderSource", "program", "ingestion", "layer", "nodeType", "viewTag", "reviewedAt"]
"Paragraph", "I500-ID-LEI", "4:ee2ca281-e2ed-4fe4-ae41-d13a3e1b21e5:284", ["key", "kind", "summary", "executionOrder", "executionPhase", "executionOrderSource", "program", "ingestion", "layer", "nodeType", "viewTag", "reviewedAt"]
"Paragraph", "IBM-4381", "4:ee2ca281-e2ed-4fe4-ae41-d13a3e1b21e5:232", ["key", "kind", "summary", "executionOrder", "executionPhase", "executionOrderSource", "program", "ingestion", "layer", "nodeType", "viewTag", "reviewedAt"]
"Paragraph", "IBM-4381", "4:ee2ca281-e2ed-4fe4-ae41-d13a3e1b21e5:259", ["key", "kind", "summary", "executionOrder", "executionPhase", "executionOrderSource", "program", "ingestion", "layer", "nodeType", "viewTag", "reviewedAt"]
"Paragraph", "IBM-4381", "4:ee2ca281-e2ed-4fe4-ae41-d13a3e1b21e5:362", ["key", "kind", "summary", "executionOrder", "executionPhase", "executionOrderSource", "program", "ingestion", "layer", "nodeType", "viewTag", "reviewedAt"]
"Paragraph", "INCLZA-ACMLDOS", "4:ee2ca281-e2ed-4fe4-ae41-d13a3e1b21e5:366", ["key", "kind", "summary", "executionOrder", "executionPhase", "executionOrderSource", "program", "ingestion", "layer", "nodeType", "viewTag", "reviewedAt"]
"Paragraph", "R1-01-DETALLE", "4:ee2ca281-e2ed-4fe4-ae41-d13a3e1b21e5:196", ["key", "kind", "summary", "executionOrder", "executionPhase", "executionOrderSource", "program", "ingestion", "layer", "nodeType", "viewTag", "reviewedAt"]
"Paragraph", "R1-02-DETALLE", "4:ee2ca281-e2ed-4fe4-ae41-d13a3e1b21e5:197", ["key", "kind", "summary", "executionOrder", "executionPhase", "executionOrderSource", "program", "ingestion", "layer", "nodeType", "viewTag", "reviewedAt"]
"Paragraph", "R1-03-DETALLE", "4:ee2ca281-e2ed-4fe4-ae41-d13a3e1b21e5:198", ["key", "kind", "summary", "executionOrder", "executionPhase", "executionOrderSource", "program", "ingestion", "layer", "nodeType", "viewTag", "reviewedAt"]
"Paragraph", "R1-04-DETALLE", "4:ee2ca281-e2ed-4fe4-ae41-d13a3e1b21e5:199", ["key", "kind", "summary", "executionOrder", "executionPhase", "executionOrderSource", "program", "ingestion", "layer", "nodeType", "viewTag", "reviewedAt"]
"Paragraph", "R1-04-ENCA", "4:ee2ca281-e2ed-4fe4-ae41-d13a3e1b21e5:318", ["key", "kind", "summary", "executionOrder", "executionPhase", "executionOrderSource", "program", "ingestion", "layer", "nodeType", "viewTag", "reviewedAt"]
"Paragraph", "R1-04-ENCA", "4:ee2ca281-e2ed-4fe4-ae41-d13a3e1b21e5:462", ["key", "kind", "summary", "executionOrder", "executionPhase", "executionOrderSource", "program", "ingestion", "layer", "nodeType", "viewTag", "reviewedAt"]
"Paragraph", "R1-04-ENCA", "4:ee2ca281-e2ed-4fe4-ae41-d13a3e1b21e5:488", ["key", "kind", "summary", "executionOrder", "executionPhase", "executionOrderSource", "program", "ingestion", "layer", "nodeType", "viewTag", "reviewedAt"]
"Paragraph", "R1-04-ENCA", "4:ee2ca281-e2ed-4fe4-ae41-d13a3e1b21e5:517", ["key", "kind", "summary", "executionOrder", "executionPhase", "executionOrderSource", "program", "ingestion", "layer", "nodeType", "viewTag", "reviewedAt"]
"Paragraph", "R1-04-TITULO", "4:ee2ca281-e2ed-4fe4-ae41-d13a3e1b21e5:200", ["key", "kind", "summary", "executionOrder", "executionPhase", "executionOrderSource", "program", "ingestion", "layer", "nodeType", "viewTag", "reviewedAt"]
"Paragraph", "R1-05-ENCA", "4:ee2ca281-e2ed-4fe4-ae41-d13a3e1b21e5:288", ["key", "kind", "summary", "executionOrder", "executionPhase", "executionOrderSource", "program", "ingestion", "layer", "nodeType", "viewTag", "reviewedAt"]
"Paragraph", "R1-05-ENCA", "4:ee2ca281-e2ed-4fe4-ae41-d13a3e1b21e5:319", ["key", "kind", "summary", "executionOrder", "executionPhase", "executionOrderSource", "program", "ingestion", "layer", "nodeType", "viewTag", "reviewedAt"]
"Paragraph", "R1-05-ENCA", "4:ee2ca281-e2ed-4fe4-ae41-d13a3e1b21e5:489", ["key", "kind", "summary", "executionOrder", "executionPhase", "executionOrderSource", "program", "ingestion", "layer", "nodeType", "viewTag", "reviewedAt"]
"Paragraph", "R1-05-TITULO", "4:ee2ca281-e2ed-4fe4-ae41-d13a3e1b21e5:201", ["key", "kind", "summary", "executionOrder", "executionPhase", "executionOrderSource", "program", "ingestion", "layer", "nodeType", "viewTag", "reviewedAt"]
"Paragraph", "R1-06-ENCA", "4:ee2ca281-e2ed-4fe4-ae41-d13a3e1b21e5:320", ["key", "kind", "summary", "executionOrder", "executionPhase", "executionOrderSource", "program", "ingestion", "layer", "nodeType", "viewTag", "reviewedAt"]
"Paragraph", "R1-06-ENCA", "4:ee2ca281-e2ed-4fe4-ae41-d13a3e1b21e5:463", ["key", "kind", "summary", "executionOrder", "executionPhase", "executionOrderSource", "program", "ingestion", "layer", "nodeType", "viewTag", "reviewedAt"]
"Paragraph", "R1-06-ENCA", "4:ee2ca281-e2ed-4fe4-ae41-d13a3e1b21e5:490", ["key", "kind", "summary", "executionOrder", "executionPhase", "executionOrderSource", "program", "ingestion", "layer", "nodeType", "viewTag", "reviewedAt"]
"Paragraph", "R1-06-ENCA", "4:ee2ca281-e2ed-4fe4-ae41-d13a3e1b21e5:518", ["key", "kind", "summary", "executionOrder", "executionPhase", "executionOrderSource", "program", "ingestion", "layer", "nodeType", "viewTag", "reviewedAt"]
"Paragraph", "R1-08-ENCA", "4:ee2ca281-e2ed-4fe4-ae41-d13a3e1b21e5:321", ["key", "kind", "summary", "executionOrder", "executionPhase", "executionOrderSource", "program", "ingestion", "layer", "nodeType", "viewTag", "reviewedAt"]
"Paragraph", "R1-08-ENCA", "4:ee2ca281-e2ed-4fe4-ae41-d13a3e1b21e5:491", ["key", "kind", "summary", "executionOrder", "executionPhase", "executionOrderSource", "program", "ingestion", "layer", "nodeType", "viewTag", "reviewedAt"]
"Paragraph", "R1-08A-GUIONES", "4:ee2ca281-e2ed-4fe4-ae41-d13a3e1b21e5:322", ["key", "kind", "summary", "executionOrder", "executionPhase", "executionOrderSource", "program", "ingestion", "layer", "nodeType", "viewTag", "reviewedAt"]
"Paragraph", "R1-08A-GUIONES", "4:ee2ca281-e2ed-4fe4-ae41-d13a3e1b21e5:465", ["key", "kind", "summary", "executionOrder", "executionPhase", "executionOrderSource", "program", "ingestion", "layer", "nodeType", "viewTag", "reviewedAt"]
"Paragraph", "R1-08A-GUIONES", "4:ee2ca281-e2ed-4fe4-ae41-d13a3e1b21e5:492", ["key", "kind", "summary", "executionOrder", "executionPhase", "executionOrderSource", "program", "ingestion", "layer", "nodeType", "viewTag", "reviewedAt"]
"Paragraph", "R1-08A-GUIONES", "4:ee2ca281-e2ed-4fe4-ae41-d13a3e1b21e5:520", ["key", "kind", "summary", "executionOrder", "executionPhase", "executionOrderSource", "program", "ingestion", "layer", "nodeType", "viewTag", "reviewedAt"]
"Paragraph", "R1-09-DETA", "4:ee2ca281-e2ed-4fe4-ae41-d13a3e1b21e5:323", ["key", "kind", "summary", "executionOrder", "executionPhase", "executionOrderSource", "program", "ingestion", "layer", "nodeType", "viewTag", "reviewedAt"]
"Paragraph", "R1-09-DETA", "4:ee2ca281-e2ed-4fe4-ae41-d13a3e1b21e5:466", ["key", "kind", "summary", "executionOrder", "executionPhase", "executionOrderSource", "program", "ingestion", "layer", "nodeType", "viewTag", "reviewedAt"]
"Paragraph", "R1-09-DETA", "4:ee2ca281-e2ed-4fe4-ae41-d13a3e1b21e5:493", ["key", "kind", "summary", "executionOrder", "executionPhase", "executionOrderSource", "program", "ingestion", "layer", "nodeType", "viewTag", "reviewedAt"]
"Paragraph", "R1-09-DETA", "4:ee2ca281-e2ed-4fe4-ae41-d13a3e1b21e5:521", ["key", "kind", "summary", "executionOrder", "executionPhase", "executionOrderSource", "program", "ingestion", "layer", "nodeType", "viewTag", "reviewedAt"]
"Paragraph", "R1-09-ENCA", "4:ee2ca281-e2ed-4fe4-ae41-d13a3e1b21e5:464", ["key", "kind", "summary", "executionOrder", "executionPhase", "executionOrderSource", "program", "ingestion", "layer", "nodeType", "viewTag", "reviewedAt"]
"Paragraph", "R1-09-ENCA", "4:ee2ca281-e2ed-4fe4-ae41-d13a3e1b21e5:519", ["key", "kind", "summary", "executionOrder", "executionPhase", "executionOrderSource", "program", "ingestion", "layer", "nodeType", "viewTag", "reviewedAt"]
"Paragraph", "R1-10-ENCA", "4:ee2ca281-e2ed-4fe4-ae41-d13a3e1b21e5:289", ["key", "kind", "summary", "executionOrder", "executionPhase", "executionOrderSource", "program", "ingestion", "layer", "nodeType", "viewTag", "reviewedAt"]
"Paragraph", "R1-15-ENCA", "4:ee2ca281-e2ed-4fe4-ae41-d13a3e1b21e5:290", ["key", "kind", "summary", "executionOrder", "executionPhase", "executionOrderSource", "program", "ingestion", "layer", "nodeType", "viewTag", "reviewedAt"]
"Paragraph", "R1-20-ENCA", "4:ee2ca281-e2ed-4fe4-ae41-d13a3e1b21e5:291", ["key", "kind", "summary", "executionOrder", "executionPhase", "executionOrderSource", "program", "ingestion", "layer", "nodeType", "viewTag", "reviewedAt"]
"Paragraph", "R1-25-DETA", "4:ee2ca281-e2ed-4fe4-ae41-d13a3e1b21e5:292", ["key", "kind", "summary", "executionOrder", "executionPhase", "executionOrderSource", "program", "ingestion", "layer", "nodeType", "viewTag", "reviewedAt"]
"Paragraph", "R1-PLAZO", "4:ee2ca281-e2ed-4fe4-ae41-d13a3e1b21e5:194", ["key", "kind", "summary", "executionOrder", "executionPhase", "executionOrderSource", "program", "ingestion", "layer", "nodeType", "viewTag", "reviewedAt"]
"Paragraph", "R1-RAYAS", "4:ee2ca281-e2ed-4fe4-ae41-d13a3e1b21e5:195", ["key", "kind", "summary", "executionOrder", "executionPhase", "executionOrderSource", "program", "ingestion", "layer", "nodeType", "viewTag", "reviewedAt"]
"Paragraph", "R1-T1-TOTAL", "4:ee2ca281-e2ed-4fe4-ae41-d13a3e1b21e5:324", ["key", "kind", "summary", "executionOrder", "executionPhase", "executionOrderSource", "program", "ingestion", "layer", "nodeType", "viewTag", "reviewedAt"]
"Paragraph", "R1-T1-TOTAL", "4:ee2ca281-e2ed-4fe4-ae41-d13a3e1b21e5:494", ["key", "kind", "summary", "executionOrder", "executionPhase", "executionOrderSource", "program", "ingestion", "layer", "nodeType", "viewTag", "reviewedAt"]
"Paragraph", "R1-T1-TOTALES", "4:ee2ca281-e2ed-4fe4-ae41-d13a3e1b21e5:467", ["key", "kind", "summary", "executionOrder", "executionPhase", "executionOrderSource", "program", "ingestion", "layer", "nodeType", "viewTag", "reviewedAt"]
"Paragraph", "R1-T1-TOTALES", "4:ee2ca281-e2ed-4fe4-ae41-d13a3e1b21e5:522", ["key", "kind", "summary", "executionOrder", "executionPhase", "executionOrderSource", "program", "ingestion", "layer", "nodeType", "viewTag", "reviewedAt"]
"Paragraph", "R1-T2-TOTAL", "4:ee2ca281-e2ed-4fe4-ae41-d13a3e1b21e5:325", ["key", "kind", "summary", "executionOrder", "executionPhase", "executionOrderSource", "program", "ingestion", "layer", "nodeType", "viewTag", "reviewedAt"]
"Paragraph", "R1-T2-TOTAL", "4:ee2ca281-e2ed-4fe4-ae41-d13a3e1b21e5:495", ["key", "kind", "summary", "executionOrder", "executionPhase", "executionOrderSource", "program", "ingestion", "layer", "nodeType", "viewTag", "reviewedAt"]
"Paragraph", "R1-T2-TOTALES", "4:ee2ca281-e2ed-4fe4-ae41-d13a3e1b21e5:468", ["key", "kind", "summary", "executionOrder", "executionPhase", "executionOrderSource", "program", "ingestion", "layer", "nodeType", "viewTag", "reviewedAt"]
"Paragraph", "R1-T2-TOTALES", "4:ee2ca281-e2ed-4fe4-ae41-d13a3e1b21e5:523", ["key", "kind", "summary", "executionOrder", "executionPhase", "executionOrderSource", "program", "ingestion", "layer", "nodeType", "viewTag", "reviewedAt"]
"Paragraph", "R1-TITULO", "4:ee2ca281-e2ed-4fe4-ae41-d13a3e1b21e5:190", ["key", "kind", "summary", "executionOrder", "executionPhase", "executionOrderSource", "program", "ingestion", "layer", "nodeType", "viewTag", "reviewedAt"]
"Paragraph", "R2-04-ENCA", "4:ee2ca281-e2ed-4fe4-ae41-d13a3e1b21e5:326", ["key", "kind", "summary", "executionOrder", "executionPhase", "executionOrderSource", "program", "ingestion", "layer", "nodeType", "viewTag", "reviewedAt"]
"Paragraph", "R2-06-ENCA", "4:ee2ca281-e2ed-4fe4-ae41-d13a3e1b21e5:327", ["key", "kind", "summary", "executionOrder", "executionPhase", "executionOrderSource", "program", "ingestion", "layer", "nodeType", "viewTag", "reviewedAt"]
"Paragraph", "R2-08A-GUIONES", "4:ee2ca281-e2ed-4fe4-ae41-d13a3e1b21e5:329", ["key", "kind", "summary", "executionOrder", "executionPhase", "executionOrderSource", "program", "ingestion", "layer", "nodeType", "viewTag", "reviewedAt"]
"Paragraph", "R2-09-DETA", "4:ee2ca281-e2ed-4fe4-ae41-d13a3e1b21e5:330", ["key", "kind", "summary", "executionOrder", "executionPhase", "executionOrderSource", "program", "ingestion", "layer", "nodeType", "viewTag", "reviewedAt"]
"Paragraph", "R2-09-ENCA", "4:ee2ca281-e2ed-4fe4-ae41-d13a3e1b21e5:328", ["key", "kind", "summary", "executionOrder", "executionPhase", "executionOrderSource", "program", "ingestion", "layer", "nodeType", "viewTag", "reviewedAt"]
"Paragraph", "R2-T1-TOTALES", "4:ee2ca281-e2ed-4fe4-ae41-d13a3e1b21e5:331", ["key", "kind", "summary", "executionOrder", "executionPhase", "executionOrderSource", "program", "ingestion", "layer", "nodeType", "viewTag", "reviewedAt"]
"Paragraph", "R2-T2-TOTALES", "4:ee2ca281-e2ed-4fe4-ae41-d13a3e1b21e5:333", ["key", "kind", "summary", "executionOrder", "executionPhase", "executionOrderSource", "program", "ingestion", "layer", "nodeType", "viewTag", "reviewedAt"]
"Paragraph", "R2-T3-TOTALES", "4:ee2ca281-e2ed-4fe4-ae41-d13a3e1b21e5:332", ["key", "kind", "summary", "executionOrder", "executionPhase", "executionOrderSource", "program", "ingestion", "layer", "nodeType", "viewTag", "reviewedAt"]
"Paragraph", "S1-LLAVE", "4:ee2ca281-e2ed-4fe4-ae41-d13a3e1b21e5:282", ["key", "kind", "summary", "executionOrder", "executionPhase", "executionOrderSource", "program", "ingestion", "layer", "nodeType", "viewTag", "reviewedAt"]
"Paragraph", "S1-REG", "4:ee2ca281-e2ed-4fe4-ae41-d13a3e1b21e5:281", ["key", "kind", "summary", "executionOrder", "executionPhase", "executionOrderSource", "program", "ingestion", "layer", "nodeType", "viewTag", "reviewedAt"]
"Paragraph", "T1-LLAVE", "4:ee2ca281-e2ed-4fe4-ae41-d13a3e1b21e5:280", ["key", "kind", "summary", "executionOrder", "executionPhase", "executionOrderSource", "program", "ingestion", "layer", "nodeType", "viewTag", "reviewedAt"]
"Paragraph", "T1-REG", "4:ee2ca281-e2ed-4fe4-ae41-d13a3e1b21e5:279", ["key", "kind", "summary", "executionOrder", "executionPhase", "executionOrderSource", "program", "ingestion", "layer", "nodeType", "viewTag", "reviewedAt"]
"Paragraph", "VARIABLES", "4:ee2ca281-e2ed-4fe4-ae41-d13a3e1b21e5:339", ["key", "kind", "summary", "executionOrder", "executionPhase", "executionOrderSource", "program", "ingestion", "layer", "nodeType", "viewTag", "reviewedAt"]
"Paragraph", "VARIABLES", "4:ee2ca281-e2ed-4fe4-ae41-d13a3e1b21e5:501", ["key", "kind", "summary", "executionOrder", "executionPhase", "executionOrderSource", "program", "ingestion", "layer", "nodeType", "viewTag", "reviewedAt"]
"Paragraph", "W000-FPASO", "4:ee2ca281-e2ed-4fe4-ae41-d13a3e1b21e5:341", ["key", "kind", "summary", "executionOrder", "executionPhase", "executionOrderSource", "program", "ingestion", "layer", "nodeType", "viewTag", "reviewedAt"]
"Paragraph", "W000-FPASO", "4:ee2ca281-e2ed-4fe4-ae41-d13a3e1b21e5:474", ["key", "kind", "summary", "executionOrder", "executionPhase", "executionOrderSource", "program", "ingestion", "layer", "nodeType", "viewTag", "reviewedAt"]
"Paragraph", "W000-FPASO", "4:ee2ca281-e2ed-4fe4-ae41-d13a3e1b21e5:503", ["key", "kind", "summary", "executionOrder", "executionPhase", "executionOrderSource", "program", "ingestion", "layer", "nodeType", "viewTag", "reviewedAt"]
"Paragraph", "W000-FPASO", "4:ee2ca281-e2ed-4fe4-ae41-d13a3e1b21e5:529", ["key", "kind", "summary", "executionOrder", "executionPhase", "executionOrderSource", "program", "ingestion", "layer", "nodeType", "viewTag", "reviewedAt"]
"Paragraph", "W000-FRECIBE", "4:ee2ca281-e2ed-4fe4-ae41-d13a3e1b21e5:340", ["key", "kind", "summary", "executionOrder", "executionPhase", "executionOrderSource", "program", "ingestion", "layer", "nodeType", "viewTag", "reviewedAt"]
"Paragraph", "W000-FRECIBE", "4:ee2ca281-e2ed-4fe4-ae41-d13a3e1b21e5:473", ["key", "kind", "summary", "executionOrder", "executionPhase", "executionOrderSource", "program", "ingestion", "layer", "nodeType", "viewTag", "reviewedAt"]
"Paragraph", "W000-FRECIBE", "4:ee2ca281-e2ed-4fe4-ae41-d13a3e1b21e5:502", ["key", "kind", "summary", "executionOrder", "executionPhase", "executionOrderSource", "program", "ingestion", "layer", "nodeType", "viewTag", "reviewedAt"]
"Paragraph", "W000-FRECIBE", "4:ee2ca281-e2ed-4fe4-ae41-d13a3e1b21e5:528", ["key", "kind", "summary", "executionOrder", "executionPhase", "executionOrderSource", "program", "ingestion", "layer", "nodeType", "viewTag", "reviewedAt"]
"Paragraph", "W000-TIPO-CAMB-DES", "4:ee2ca281-e2ed-4fe4-ae41-d13a3e1b21e5:336", ["key", "kind", "summary", "executionOrder", "executionPhase", "executionOrderSource", "program", "ingestion", "layer", "nodeType", "viewTag", "reviewedAt"]
"Paragraph", "W000-TIPO-CAMB-DES", "4:ee2ca281-e2ed-4fe4-ae41-d13a3e1b21e5:471", ["key", "kind", "summary", "executionOrder", "executionPhase", "executionOrderSource", "program", "ingestion", "layer", "nodeType", "viewTag", "reviewedAt"]
"Paragraph", "W000-TIPO-CAMB-DES", "4:ee2ca281-e2ed-4fe4-ae41-d13a3e1b21e5:498", ["key", "kind", "summary", "executionOrder", "executionPhase", "executionOrderSource", "program", "ingestion", "layer", "nodeType", "viewTag", "reviewedAt"]
"Paragraph", "W000-TIPO-CAMB-DES", "4:ee2ca281-e2ed-4fe4-ae41-d13a3e1b21e5:526", ["key", "kind", "summary", "executionOrder", "executionPhase", "executionOrderSource", "program", "ingestion", "layer", "nodeType", "viewTag", "reviewedAt"]
"Paragraph", "W080-FLIQUIDA", "4:ee2ca281-e2ed-4fe4-ae41-d13a3e1b21e5:283", ["key", "kind", "summary", "executionOrder", "executionPhase", "executionOrderSource", "program", "ingestion", "layer", "nodeType", "viewTag", "reviewedAt"]
"Paragraph", "W510-ANO-COMP", "4:ee2ca281-e2ed-4fe4-ae41-d13a3e1b21e5:192", ["key", "kind", "summary", "executionOrder", "executionPhase", "executionOrderSource", "program", "ingestion", "layer", "nodeType", "viewTag", "reviewedAt"]
"Paragraph", "W510-FECHA-HOY", "4:ee2ca281-e2ed-4fe4-ae41-d13a3e1b21e5:191", ["key", "kind", "summary", "executionOrder", "executionPhase", "executionOrderSource", "program", "ingestion", "layer", "nodeType", "viewTag", "reviewedAt"]
"Paragraph", "000-CONTROL", "4:ee2ca281-e2ed-4fe4-ae41-d13a3e1b21e5:105", ["reviewedAt"]
"Paragraph", "000-INICIO", "4:ee2ca281-e2ed-4fe4-ae41-d13a3e1b21e5:60", ["reviewedAt"]
"Paragraph", "000-INICIO", "4:ee2ca281-e2ed-4fe4-ae41-d13a3e1b21e5:89", ["reviewedAt"]
"Paragraph", "005-ABRE-CURSR", "4:ee2ca281-e2ed-4fe4-ae41-d13a3e1b21e5:110", ["reviewedAt"]
"Paragraph", "005-DECLARA-CURSOR", "4:ee2ca281-e2ed-4fe4-ae41-d13a3e1b21e5:109", ["reviewedAt"]
"Paragraph", "005-PROCESO-PRINCIPAL", "4:ee2ca281-e2ed-4fe4-ae41-d13a3e1b21e5:168", ["reviewedAt"]
"Paragraph", "010-CALCULOS", "4:ee2ca281-e2ed-4fe4-ae41-d13a3e1b21e5:111", ["reviewedAt"]
"Paragraph", "010-FECHA-HOY-MANANA", "4:ee2ca281-e2ed-4fe4-ae41-d13a3e1b21e5:164", ["reviewedAt"]
"Paragraph", "010-INICIALIZA", "4:ee2ca281-e2ed-4fe4-ae41-d13a3e1b21e5:61", ["reviewedAt"]
"Paragraph", "010-INICIALIZA", "4:ee2ca281-e2ed-4fe4-ae41-d13a3e1b21e5:90", ["reviewedAt"]
"Paragraph", "0100-INICIALIZA", "4:ee2ca281-e2ed-4fe4-ae41-d13a3e1b21e5:163", ["reviewedAt"]
"Paragraph", "015-FECHA-HOY-AYER", "4:ee2ca281-e2ed-4fe4-ae41-d13a3e1b21e5:165", ["reviewedAt"]
"Paragraph", "020-MUEVE-A-IMPRESION", "4:ee2ca281-e2ed-4fe4-ae41-d13a3e1b21e5:112", ["reviewedAt"]
"Paragraph", "020-PROCESO", "4:ee2ca281-e2ed-4fe4-ae41-d13a3e1b21e5:63", ["reviewedAt"]
"Paragraph", "020-PROCESO", "4:ee2ca281-e2ed-4fe4-ae41-d13a3e1b21e5:92", ["reviewedAt"]
"Paragraph", "020-VENCE-HOY", "4:ee2ca281-e2ed-4fe4-ae41-d13a3e1b21e5:174", ["reviewedAt"]
"Paragraph", "030-IMPRIME", "4:ee2ca281-e2ed-4fe4-ae41-d13a3e1b21e5:113", ["reviewedAt"]
"Paragraph", "030-PROCESO-DESGLOZADO", "4:ee2ca281-e2ed-4fe4-ae41-d13a3e1b21e5:64", ["reviewedAt"]
"Paragraph", "030-PROCESO-DESGLOZADO", "4:ee2ca281-e2ed-4fe4-ae41-d13a3e1b21e5:93", ["reviewedAt"]
"Paragraph", "030-VENCE-MANANA", "4:ee2ca281-e2ed-4fe4-ae41-d13a3e1b21e5:176", ["reviewedAt"]
"Paragraph", "040-ACTUALIZA-PARAM-TA0", "4:ee2ca281-e2ed-4fe4-ae41-d13a3e1b21e5:114", ["reviewedAt"]
"Paragraph", "040-ACUMULA-TOTALES", "4:ee2ca281-e2ed-4fe4-ae41-d13a3e1b21e5:66", ["reviewedAt"]
"Paragraph", "040-ACUMULA-TOTALES", "4:ee2ca281-e2ed-4fe4-ae41-d13a3e1b21e5:94", ["reviewedAt"]
"Paragraph", "040-OPERACION", "4:ee2ca281-e2ed-4fe4-ae41-d13a3e1b21e5:177", ["reviewedAt"]
"Paragraph", "050-ACTUALIZA-PARAM-TA1", "4:ee2ca281-e2ed-4fe4-ae41-d13a3e1b21e5:115", ["reviewedAt"]
"Paragraph", "050-OPERA-HOY", "4:ee2ca281-e2ed-4fe4-ae41-d13a3e1b21e5:179", ["reviewedAt"]
"Paragraph", "050-VERIFICA-SALDO", "4:ee2ca281-e2ed-4fe4-ae41-d13a3e1b21e5:67", ["reviewedAt"]
"Paragraph", "050-VERIFICA-SALDO", "4:ee2ca281-e2ed-4fe4-ae41-d13a3e1b21e5:95", ["reviewedAt"]
"Paragraph", "060-IMPRIME-REGISTRO", "4:ee2ca281-e2ed-4fe4-ae41-d13a3e1b21e5:68", ["reviewedAt"]
"Paragraph", "060-IMPRIME-REGISTRO", "4:ee2ca281-e2ed-4fe4-ae41-d13a3e1b21e5:96", ["reviewedAt"]
"Paragraph", "060-IMPRIME-TOTALES", "4:ee2ca281-e2ed-4fe4-ae41-d13a3e1b21e5:180", ["reviewedAt"]
"Paragraph", "065-IMPRIME-PARCIAL", "4:ee2ca281-e2ed-4fe4-ae41-d13a3e1b21e5:175", ["reviewedAt"]
"Paragraph", "070-ARMA-DETALLE", "4:ee2ca281-e2ed-4fe4-ae41-d13a3e1b21e5:182", ["reviewedAt"]
"Paragraph", "070-VACIA-TABLA", "4:ee2ca281-e2ed-4fe4-ae41-d13a3e1b21e5:69", ["reviewedAt"]
"Paragraph", "070-VACIA-TABLA", "4:ee2ca281-e2ed-4fe4-ae41-d13a3e1b21e5:97", ["reviewedAt"]
"Paragraph", "080-IMPRIME-DETALLE", "4:ee2ca281-e2ed-4fe4-ae41-d13a3e1b21e5:183", ["reviewedAt"]
"Paragraph", "090-GUARDA-ACUMULADORES", "4:ee2ca281-e2ed-4fe4-ae41-d13a3e1b21e5:169", ["reviewedAt"]
"Paragraph", "100-ACTUALIZA-PARAM", "4:ee2ca281-e2ed-4fe4-ae41-d13a3e1b21e5:171", ["reviewedAt"]
"Paragraph", "1000-CHECA-CTLPROC", "4:ee2ca281-e2ed-4fe4-ae41-d13a3e1b21e5:184", ["reviewedAt"]
"Paragraph", "110-ESCRIBE-PARAM", "4:ee2ca281-e2ed-4fe4-ae41-d13a3e1b21e5:185", ["reviewedAt"]
"Paragraph", "500-LEE-PARAM", "4:ee2ca281-e2ed-4fe4-ae41-d13a3e1b21e5:186", ["reviewedAt"]
"Paragraph", "510-LEE-DATOS-TA0", "4:ee2ca281-e2ed-4fe4-ae41-d13a3e1b21e5:116", ["reviewedAt"]
"Paragraph", "510-LEE-DATOS-TA1", "4:ee2ca281-e2ed-4fe4-ae41-d13a3e1b21e5:117", ["reviewedAt"]
"Paragraph", "510-LEE-OPERCOB", "4:ee2ca281-e2ed-4fe4-ae41-d13a3e1b21e5:173", ["reviewedAt"]
"Paragraph", "510-MUEVE-DATOS-TA0", "4:ee2ca281-e2ed-4fe4-ae41-d13a3e1b21e5:118", ["reviewedAt"]
"Paragraph", "510-MUEVE-DATOS-TA1", "4:ee2ca281-e2ed-4fe4-ae41-d13a3e1b21e5:119", ["reviewedAt"]
"Paragraph", "510-SELECCIONA-PARAM", "4:ee2ca281-e2ed-4fe4-ae41-d13a3e1b21e5:70", ["reviewedAt"]
"Paragraph", "510-SELECCIONA-PARAM", "4:ee2ca281-e2ed-4fe4-ae41-d13a3e1b21e5:98", ["reviewedAt"]
"Paragraph", "520-LEE-OPERCOB-OPERA-HOY", "4:ee2ca281-e2ed-4fe4-ae41-d13a3e1b21e5:178", ["reviewedAt"]
"Paragraph", "550-ACT-SDO-MESANT", "4:ee2ca281-e2ed-4fe4-ae41-d13a3e1b21e5:120", ["reviewedAt"]
"Paragraph", "550-LEE-TIPO-CAMBIO", "4:ee2ca281-e2ed-4fe4-ae41-d13a3e1b21e5:167", ["reviewedAt"]
"Paragraph", "600-ACTUALIZA-SALDOS", "4:ee2ca281-e2ed-4fe4-ae41-d13a3e1b21e5:187", ["reviewedAt"]
"Paragraph", "700-CIERRA-CURSORES", "4:ee2ca281-e2ed-4fe4-ae41-d13a3e1b21e5:121", ["reviewedAt"]
"Paragraph", "700-ENCABEZADO", "4:ee2ca281-e2ed-4fe4-ae41-d13a3e1b21e5:71", ["reviewedAt"]
"Paragraph", "700-ENCABEZADO", "4:ee2ca281-e2ed-4fe4-ae41-d13a3e1b21e5:99", ["reviewedAt"]
"Paragraph", "700-ESC-ENCA", "4:ee2ca281-e2ed-4fe4-ae41-d13a3e1b21e5:170", ["reviewedAt"]
"Paragraph", "710-TERMINA", "4:ee2ca281-e2ed-4fe4-ae41-d13a3e1b21e5:122", ["reviewedAt"]
"Paragraph", "800-IMPRIME-TOTALES", "4:ee2ca281-e2ed-4fe4-ae41-d13a3e1b21e5:72", ["reviewedAt"]
"Paragraph", "800-IMPRIME-TOTALES", "4:ee2ca281-e2ed-4fe4-ae41-d13a3e1b21e5:100", ["reviewedAt"]
"Paragraph", "810-IMPRIME-CTAS-SIN-MVTOS", "4:ee2ca281-e2ed-4fe4-ae41-d13a3e1b21e5:73", ["reviewedAt"]
"Paragraph", "810-IMPRIME-CTAS-SIN-MVTOS", "4:ee2ca281-e2ed-4fe4-ae41-d13a3e1b21e5:101", ["reviewedAt"]
"Paragraph", "970-SQL-ERROR", "4:ee2ca281-e2ed-4fe4-ae41-d13a3e1b21e5:172", ["reviewedAt"]
"Paragraph", "980-ABORTA", "4:ee2ca281-e2ed-4fe4-ae41-d13a3e1b21e5:74", ["reviewedAt"]
"Paragraph", "980-ABORTA", "4:ee2ca281-e2ed-4fe4-ae41-d13a3e1b21e5:102", ["reviewedAt"]
"Paragraph", "980-ABORTA", "4:ee2ca281-e2ed-4fe4-ae41-d13a3e1b21e5:123", ["reviewedAt"]
"Paragraph", "980-ABORTA", "4:ee2ca281-e2ed-4fe4-ae41-d13a3e1b21e5:181", ["reviewedAt"]
"Paragraph", "990-CIF-CTL", "4:ee2ca281-e2ed-4fe4-ae41-d13a3e1b21e5:75", ["reviewedAt"]
"Paragraph", "990-CIF-CTL", "4:ee2ca281-e2ed-4fe4-ae41-d13a3e1b21e5:103", ["reviewedAt"]
"Paragraph", "999-CONST-ENCA", "4:ee2ca281-e2ed-4fe4-ae41-d13a3e1b21e5:166", ["reviewedAt"]
"Paragraph", "A990-CIF-CTL", "4:ee2ca281-e2ed-4fe4-ae41-d13a3e1b21e5:154", ["reviewedAt"]
"Paragraph", "ABRE-ARCHIVOS", "4:ee2ca281-e2ed-4fe4-ae41-d13a3e1b21e5:160", ["reviewedAt"]
"Paragraph", "DECLRA-CURSR", "4:ee2ca281-e2ed-4fe4-ae41-d13a3e1b21e5:161", ["reviewedAt"]
"Paragraph", "DH-PARAMETROS", "4:ee2ca281-e2ed-4fe4-ae41-d13a3e1b21e5:155", ["reviewedAt"]
"Paragraph", "GENERA-REPORTE", "4:ee2ca281-e2ed-4fe4-ae41-d13a3e1b21e5:108", ["reviewedAt"]
"Paragraph", "OBTN-FECHA-PROCSO", "4:ee2ca281-e2ed-4fe4-ae41-d13a3e1b21e5:162", ["reviewedAt"]
"Paragraph", "PROCESA-REPORTE", "4:ee2ca281-e2ed-4fe4-ae41-d13a3e1b21e5:62", ["reviewedAt"]
"Paragraph", "PROCESA-REPORTE", "4:ee2ca281-e2ed-4fe4-ae41-d13a3e1b21e5:91", ["reviewedAt"]
"Paragraph", "PROCSA-REPRTE-DOLR-CONTRLDO", "4:ee2ca281-e2ed-4fe4-ae41-d13a3e1b21e5:106", ["reviewedAt"]
"Paragraph", "PROCSA-REPRTE-DOLR-LIBRE", "4:ee2ca281-e2ed-4fe4-ae41-d13a3e1b21e5:107", ["reviewedAt"]
"Paragraph", "R1-01-GUIONES", "4:ee2ca281-e2ed-4fe4-ae41-d13a3e1b21e5:153", ["reviewedAt"]
"Paragraph", "R1-04-ENCA", "4:ee2ca281-e2ed-4fe4-ae41-d13a3e1b21e5:138", ["reviewedAt"]
"Paragraph", "R1-07-ENCA", "4:ee2ca281-e2ed-4fe4-ae41-d13a3e1b21e5:140", ["reviewedAt"]
"Paragraph", "R1-09-ENCA", "4:ee2ca281-e2ed-4fe4-ae41-d13a3e1b21e5:141", ["reviewedAt"]
"Paragraph", "R1-10-ENCA", "4:ee2ca281-e2ed-4fe4-ae41-d13a3e1b21e5:142", ["reviewedAt"]
"Paragraph", "R1-11-ENCA", "4:ee2ca281-e2ed-4fe4-ae41-d13a3e1b21e5:143", ["reviewedAt"]
"Paragraph", "R1-13-DETA", "4:ee2ca281-e2ed-4fe4-ae41-d13a3e1b21e5:144", ["reviewedAt"]
"Paragraph", "R1-14-DETA", "4:ee2ca281-e2ed-4fe4-ae41-d13a3e1b21e5:145", ["reviewedAt"]
"Paragraph", "R1-16-TOTAL", "4:ee2ca281-e2ed-4fe4-ae41-d13a3e1b21e5:146", ["reviewedAt"]
"Paragraph", "R1-17-TOTAL", "4:ee2ca281-e2ed-4fe4-ae41-d13a3e1b21e5:147", ["reviewedAt"]
"Paragraph", "R1-18-TOTAL", "4:ee2ca281-e2ed-4fe4-ae41-d13a3e1b21e5:148", ["reviewedAt"]
"Paragraph", "R1-19-TOTAL-PARCIAL", "4:ee2ca281-e2ed-4fe4-ae41-d13a3e1b21e5:149", ["reviewedAt"]
"Paragraph", "R1-20-NOTA", "4:ee2ca281-e2ed-4fe4-ae41-d13a3e1b21e5:150", ["reviewedAt"]
"Paragraph", "R1-21-NOTA", "4:ee2ca281-e2ed-4fe4-ae41-d13a3e1b21e5:151", ["reviewedAt"]
"Paragraph", "R1-22-NOTA", "4:ee2ca281-e2ed-4fe4-ae41-d13a3e1b21e5:152", ["reviewedAt"]
"Paragraph", "VALIDA-SALDOS", "4:ee2ca281-e2ed-4fe4-ae41-d13a3e1b21e5:65", ["reviewedAt"]
"Paragraph", "W000-CLIENTE-OP", "4:ee2ca281-e2ed-4fe4-ae41-d13a3e1b21e5:139", ["reviewedAt"]
"Paragraph", "W000-TIPO-CAMB-DES", "4:ee2ca281-e2ed-4fe4-ae41-d13a3e1b21e5:156", ["reviewedAt"]
"Paragraph", "W070-FPASO", "4:ee2ca281-e2ed-4fe4-ae41-d13a3e1b21e5:159", ["reviewedAt"]
"Paragraph", "W070-FRECIBE", "4:ee2ca281-e2ed-4fe4-ae41-d13a3e1b21e5:158", ["reviewedAt"]
"Paragraph", "W100-SALDO-ANTERIOR", "4:ee2ca281-e2ed-4fe4-ae41-d13a3e1b21e5:157", ["reviewedAt"]
"ParamType", "TA2", "4:ee2ca281-e2ed-4fe4-ae41-d13a3e1b21e5:317", ["description", "ingestion", "layer", "nodeType", "viewTag", "reviewedAt"]
"ParamType", "TA3", "4:ee2ca281-e2ed-4fe4-ae41-d13a3e1b21e5:359", ["description", "ingestion", "layer", "nodeType", "viewTag", "reviewedAt"]
"ParamType", "TA4", "4:ee2ca281-e2ed-4fe4-ae41-d13a3e1b21e5:360", ["description", "ingestion", "layer", "nodeType", "viewTag", "reviewedAt"]
"Program", "CIB026B", "4:ee2ca281-e2ed-4fe4-ae41-d13a3e1b21e5:79", ["language", "platform", "database", "objective", "ingestion", "seedVersion", "seedDate", "viewModel", "modelScope", "reviewedAt"]
"Program", "CIB028E", "4:ee2ca281-e2ed-4fe4-ae41-d13a3e1b21e5:80", ["language", "platform", "database", "objective", "ingestion", "seedVersion", "seedDate", "viewModel", "modelScope", "reviewedAt"]
"Program", "CIB030E", "4:ee2ca281-e2ed-4fe4-ae41-d13a3e1b21e5:81", ["language", "platform", "database", "objective", "ingestion", "seedVersion", "seedDate", "viewModel", "modelScope", "reviewedAt"]
"Program", "CIB035E", "4:ee2ca281-e2ed-4fe4-ae41-d13a3e1b21e5:82", ["language", "platform", "database", "objective", "ingestion", "seedVersion", "seedDate", "viewModel", "modelScope", "reviewedAt"]
"Program", "CIB045D", "4:ee2ca281-e2ed-4fe4-ae41-d13a3e1b21e5:83", ["language", "platform", "database", "objective", "ingestion", "seedVersion", "seedDate", "viewModel", "modelScope", "reviewedAt"]
"Program", "CIB047E", "4:ee2ca281-e2ed-4fe4-ae41-d13a3e1b21e5:84", ["language", "platform", "database", "objective", "ingestion", "seedVersion", "seedDate", "viewModel", "modelScope", "reviewedAt"]
"Program", "CIB062D", "4:ee2ca281-e2ed-4fe4-ae41-d13a3e1b21e5:85", ["language", "platform", "database", "objective", "ingestion", "seedVersion", "seedDate", "viewModel", "modelScope", "reviewedAt"]
"Program", "CIB063D", "4:ee2ca281-e2ed-4fe4-ae41-d13a3e1b21e5:86", ["language", "platform", "database", "objective", "ingestion", "seedVersion", "seedDate", "viewModel", "modelScope", "reviewedAt"]
"Program", "CIB064D", "4:ee2ca281-e2ed-4fe4-ae41-d13a3e1b21e5:87", ["language", "platform", "database", "objective", "ingestion", "seedVersion", "seedDate", "viewModel", "modelScope", "reviewedAt"]
"Program", "CIB012D", "4:ee2ca281-e2ed-4fe4-ae41-d13a3e1b21e5:76", ["seedVersion", "seedDate", "viewModel", "modelScope", "reviewedAt"]
"Program", "CIB013M", "4:ee2ca281-e2ed-4fe4-ae41-d13a3e1b21e5:77", ["seedVersion", "seedDate", "viewModel", "modelScope", "reviewedAt"]
"Program", "CIB010D", "4:ee2ca281-e2ed-4fe4-ae41-d13a3e1b21e5:58", ["viewModel", "modelScope", "reviewedAt"]
"Program", "CIB017D", "4:ee2ca281-e2ed-4fe4-ae41-d13a3e1b21e5:78", ["reviewedAt"]
